zone_trace_id,scenario_method_id,scenario_id,method_id,selection_rank,candidate_site_id,demand_zone_id,zone_coverage_rank,coverage_radius_km,distance_km,zone_demand_weight,zone_demand_share_of_candidate,allowed_use_note,proxy_assumption_label
scenario:radius-aggressive|method:baseline-topk|candidate:osm:node:25213823|dz:nuts2024:FR101,scenario:radius-aggressive|method:baseline-topk,scenario:radius-aggressive,method:baseline-topk,1,candidate:osm:node:25213823,dz:nuts2024:FR101,1,50,6.017,2065560,0.164596,Selected-site zone trace for audit and portfolio explanation only; not investment advice or a site feasibility claim.,tile_smoke_optimization_zone_trace_not_investment_grade
scenario:radius-aggressive|method:baseline-topk|candidate:osm:node:25213823|dz:nuts2024:FR106,scenario:radius-aggressive|method:baseline-topk,scenario:radius-aggressive,method:baseline-topk,1,candidate:osm:node:25213823,dz:nuts2024:FR106,2,50,9.552,1731789,0.137999,Selected-site zone trace for audit and portfolio explanation only; not investment advice or a site feasibility claim.,tile_smoke_optimization_zone_trace_not_investment_grade
scenario:radius-aggressive|method:baseline-topk|candidate:osm:node:25213823|dz:nuts2024:FR105,scenario:radius-aggressive|method:baseline-topk,scenario:radius-aggressive,method:baseline-topk,1,candidate:osm:node:25213823,dz:nuts2024:FR105,3,50,12.163,1668275,0.132938,Selected-site zone trace for audit and portfolio explanation only; not investment advice or a site feasibility claim.,tile_smoke_optimization_zone_trace_not_investment_grade
scenario:radius-aggressive|method:baseline-topk|candidate:osm:node:25213823|dz:nuts2024:FR103,scenario:radius-aggressive|method:baseline-topk,scenario:radius-aggressive,method:baseline-topk,1,candidate:osm:node:25213823,dz:nuts2024:FR103,4,50,40.996,1504565,0.119892,Selected-site zone trace for audit and portfolio explanation only; not investment advice or a site feasibility claim.,tile_smoke_optimization_zone_trace_not_investment_grade
scenario:radius-aggressive|method:baseline-topk|candidate:osm:node:25213823|dz:nuts2024:FR102,scenario:radius-aggressive|method:baseline-topk,scenario:radius-aggressive,method:baseline-topk,1,candidate:osm:node:25213823,dz:nuts2024:FR102,5,50,47.153,1490900,0.118804,Selected-site zone trace for audit and portfolio explanation only; not investment advice or a site feasibility claim.,tile_smoke_optimization_zone_trace_not_investment_grade
scenario:radius-aggressive|method:baseline-topk|candidate:osm:node:25213823|dz:nuts2024:FR107,scenario:radius-aggressive|method:baseline-topk,scenario:radius-aggressive,method:baseline-topk,1,candidate:osm:node:25213823,dz:nuts2024:FR107,6,50,7.085,1434875,0.114339,Selected-site zone trace for audit and portfolio explanation only; not investment advice or a site feasibility claim.,tile_smoke_optimization_zone_trace_not_investment_grade
scenario:radius-aggressive|method:baseline-topk|candidate:osm:node:25213823|dz:nuts2024:FR104,scenario:radius-aggressive|method:baseline-topk,scenario:radius-aggressive,method:baseline-topk,1,candidate:osm:node:25213823,dz:nuts2024:FR104,7,50,34.792,1356114,0.108063,Selected-site zone trace for audit and portfolio explanation only; not investment advice or a site feasibility claim.,tile_smoke_optimization_zone_trace_not_investment_grade
scenario:radius-aggressive|method:baseline-topk|candidate:osm:node:25213823|dz:nuts2024:FR108,scenario:radius-aggressive|method:baseline-topk,scenario:radius-aggressive,method:baseline-topk,1,candidate:osm:node:25213823,dz:nuts2024:FR108,8,50,35.313,1297210,0.103369,Selected-site zone trace for audit and portfolio explanation only; not investment advice or a site feasibility claim.,tile_smoke_optimization_zone_trace_not_investment_grade
scenario:radius-aggressive|method:baseline-topk|candidate:osm:node:471629646|dz:nuts2024:FR101,scenario:radius-aggressive|method:baseline-topk,scenario:radius-aggressive,method:baseline-topk,2,candidate:osm:node:471629646,dz:nuts2024:FR101,1,50,4.804,2065560,0.164596,Selected-site zone trace for audit and portfolio explanation only; not investment advice or a site feasibility claim.,tile_smoke_optimization_zone_trace_not_investment_grade
scenario:radius-aggressive|method:baseline-topk|candidate:osm:node:471629646|dz:nuts2024:FR106,scenario:radius-aggressive|method:baseline-topk,scenario:radius-aggressive,method:baseline-topk,2,candidate:osm:node:471629646,dz:nuts2024:FR106,2,50,5.572,1731789,0.137999,Selected-site zone trace for audit and portfolio explanation only; not investment advice or a site feasibility claim.,tile_smoke_optimization_zone_trace_not_investment_grade
scenario:radius-aggressive|method:baseline-topk|candidate:osm:node:471629646|dz:nuts2024:FR105,scenario:radius-aggressive|method:baseline-topk,scenario:radius-aggressive,method:baseline-topk,2,candidate:osm:node:471629646,dz:nuts2024:FR105,3,50,11.967,1668275,0.132938,Selected-site zone trace for audit and portfolio explanation only; not investment advice or a site feasibility claim.,tile_smoke_optimization_zone_trace_not_investment_grade
scenario:radius-aggressive|method:baseline-topk|candidate:osm:node:471629646|dz:nuts2024:FR103,scenario:radius-aggressive|method:baseline-topk,scenario:radius-aggressive,method:baseline-topk,2,candidate:osm:node:471629646,dz:nuts2024:FR103,4,50,41.865,1504565,0.119892,Selected-site zone trace for audit and portfolio explanation only; not investment advice or a site feasibility claim.,tile_smoke_optimization_zone_trace_not_investment_grade
scenario:radius-aggressive|method:baseline-topk|candidate:osm:node:471629646|dz:nuts2024:FR102,scenario:radius-aggressive|method:baseline-topk,scenario:radius-aggressive,method:baseline-topk,2,candidate:osm:node:471629646,dz:nuts2024:FR102,5,50,49.211,1490900,0.118804,Selected-site zone trace for audit and portfolio explanation only; not investment advice or a site feasibility claim.,tile_smoke_optimization_zone_trace_not_investment_grade
scenario:radius-aggressive|method:baseline-topk|candidate:osm:node:471629646|dz:nuts2024:FR107,scenario:radius-aggressive|method:baseline-topk,scenario:radius-aggressive,method:baseline-topk,2,candidate:osm:node:471629646,dz:nuts2024:FR107,6,50,10.942,1434875,0.114339,Selected-site zone trace for audit and portfolio explanation only; not investment advice or a site feasibility claim.,tile_smoke_optimization_zone_trace_not_investment_grade
scenario:radius-aggressive|method:baseline-topk|candidate:osm:node:471629646|dz:nuts2024:FR104,scenario:radius-aggressive|method:baseline-topk,scenario:radius-aggressive,method:baseline-topk,2,candidate:osm:node:471629646,dz:nuts2024:FR104,7,50,38.798,1356114,0.108063,Selected-site zone trace for audit and portfolio explanation only; not investment advice or a site feasibility claim.,tile_smoke_optimization_zone_trace_not_investment_grade
scenario:radius-aggressive|method:baseline-topk|candidate:osm:node:471629646|dz:nuts2024:FR108,scenario:radius-aggressive|method:baseline-topk,scenario:radius-aggressive,method:baseline-topk,2,candidate:osm:node:471629646,dz:nuts2024:FR108,8,50,32.169,1297210,0.103369,Selected-site zone trace for audit and portfolio explanation only; not investment advice or a site feasibility claim.,tile_smoke_optimization_zone_trace_not_investment_grade
scenario:radius-aggressive|method:baseline-topk|candidate:osm:node:648114671|dz:nuts2024:FR101,scenario:radius-aggressive|method:baseline-topk,scenario:radius-aggressive,method:baseline-topk,3,candidate:osm:node:648114671,dz:nuts2024:FR101,1,50,4.96,2065560,0.164596,Selected-site zone trace for audit and portfolio explanation only; not investment advice or a site feasibility claim.,tile_smoke_optimization_zone_trace_not_investment_grade
scenario:radius-aggressive|method:baseline-topk|candidate:osm:node:648114671|dz:nuts2024:FR106,scenario:radius-aggressive|method:baseline-topk,scenario:radius-aggressive,method:baseline-topk,3,candidate:osm:node:648114671,dz:nuts2024:FR106,2,50,5.417,1731789,0.137999,Selected-site zone trace for audit and portfolio explanation only; not investment advice or a site feasibility claim.,tile_smoke_optimization_zone_trace_not_investment_grade
scenario:radius-aggressive|method:baseline-topk|candidate:osm:node:648114671|dz:nuts2024:FR105,scenario:radius-aggressive|method:baseline-topk,scenario:radius-aggressive,method:baseline-topk,3,candidate:osm:node:648114671,dz:nuts2024:FR105,3,50,12.124,1668275,0.132938,Selected-site zone trace for audit and portfolio explanation only; not investment advice or a site feasibility claim.,tile_smoke_optimization_zone_trace_not_investment_grade
scenario:radius-aggressive|method:baseline-topk|candidate:osm:node:648114671|dz:nuts2024:FR103,scenario:radius-aggressive|method:baseline-topk,scenario:radius-aggressive,method:baseline-topk,3,candidate:osm:node:648114671,dz:nuts2024:FR103,4,50,42.031,1504565,0.119892,Selected-site zone trace for audit and portfolio explanation only; not investment advice or a site feasibility claim.,tile_smoke_optimization_zone_trace_not_investment_grade
scenario:radius-aggressive|method:baseline-topk|candidate:osm:node:648114671|dz:nuts2024:FR102,scenario:radius-aggressive|method:baseline-topk,scenario:radius-aggressive,method:baseline-topk,3,candidate:osm:node:648114671,dz:nuts2024:FR102,5,50,49.141,1490900,0.118804,Selected-site zone trace for audit and portfolio explanation only; not investment advice or a site feasibility claim.,tile_smoke_optimization_zone_trace_not_investment_grade
scenario:radius-aggressive|method:baseline-topk|candidate:osm:node:648114671|dz:nuts2024:FR107,scenario:radius-aggressive|method:baseline-topk,scenario:radius-aggressive,method:baseline-topk,3,candidate:osm:node:648114671,dz:nuts2024:FR107,6,50,10.993,1434875,0.114339,Selected-site zone trace for audit and portfolio explanation only; not investment advice or a site feasibility claim.,tile_smoke_optimization_zone_trace_not_investment_grade
scenario:radius-aggressive|method:baseline-topk|candidate:osm:node:648114671|dz:nuts2024:FR104,scenario:radius-aggressive|method:baseline-topk,scenario:radius-aggressive,method:baseline-topk,3,candidate:osm:node:648114671,dz:nuts2024:FR104,7,50,38.94,1356114,0.108063,Selected-site zone trace for audit and portfolio explanation only; not investment advice or a site feasibility claim.,tile_smoke_optimization_zone_trace_not_investment_grade
scenario:radius-aggressive|method:baseline-topk|candidate:osm:node:648114671|dz:nuts2024:FR108,scenario:radius-aggressive|method:baseline-topk,scenario:radius-aggressive,method:baseline-topk,3,candidate:osm:node:648114671,dz:nuts2024:FR108,8,50,32.198,1297210,0.103369,Selected-site zone trace for audit and portfolio explanation only; not investment advice or a site feasibility claim.,tile_smoke_optimization_zone_trace_not_investment_grade
scenario:radius-aggressive|method:baseline-topk|candidate:osm:node:667281517|dz:nuts2024:FR101,scenario:radius-aggressive|method:baseline-topk,scenario:radius-aggressive,method:baseline-topk,4,candidate:osm:node:667281517,dz:nuts2024:FR101,1,50,4.855,2065560,0.164596,Selected-site zone trace for audit and portfolio explanation only; not investment advice or a site feasibility claim.,tile_smoke_optimization_zone_trace_not_investment_grade
scenario:radius-aggressive|method:baseline-topk|candidate:osm:node:667281517|dz:nuts2024:FR106,scenario:radius-aggressive|method:baseline-topk,scenario:radius-aggressive,method:baseline-topk,4,candidate:osm:node:667281517,dz:nuts2024:FR106,2,50,9.975,1731789,0.137999,Selected-site zone trace for audit and portfolio explanation only; not investment advice or a site feasibility claim.,tile_smoke_optimization_zone_trace_not_investment_grade
scenario:radius-aggressive|method:baseline-topk|candidate:osm:node:667281517|dz:nuts2024:FR105,scenario:radius-aggressive|method:baseline-topk,scenario:radius-aggressive,method:baseline-topk,4,candidate:osm:node:667281517,dz:nuts2024:FR105,3,50,10.681,1668275,0.132938,Selected-site zone trace for audit and portfolio explanation only; not investment advice or a site feasibility claim.,tile_smoke_optimization_zone_trace_not_investment_grade
scenario:radius-aggressive|method:baseline-topk|candidate:osm:node:667281517|dz:nuts2024:FR103,scenario:radius-aggressive|method:baseline-topk,scenario:radius-aggressive,method:baseline-topk,4,candidate:osm:node:667281517,dz:nuts2024:FR103,4,50,39.522,1504565,0.119892,Selected-site zone trace for audit and portfolio explanation only; not investment advice or a site feasibility claim.,tile_smoke_optimization_zone_trace_not_investment_grade
scenario:radius-aggressive|method:baseline-topk|candidate:osm:node:667281517|dz:nuts2024:FR102,scenario:radius-aggressive|method:baseline-topk,scenario:radius-aggressive,method:baseline-topk,4,candidate:osm:node:667281517,dz:nuts2024:FR102,5,50,48.533,1490900,0.118804,Selected-site zone trace for audit and portfolio explanation only; not investment advice or a site feasibility claim.,tile_smoke_optimization_zone_trace_not_investment_grade
scenario:radius-aggressive|method:baseline-topk|candidate:osm:node:667281517|dz:nuts2024:FR107,scenario:radius-aggressive|method:baseline-topk,scenario:radius-aggressive,method:baseline-topk,4,candidate:osm:node:667281517,dz:nuts2024:FR107,6,50,8.012,1434875,0.114339,Selected-site zone trace for audit and portfolio explanation only; not investment advice or a site feasibility claim.,tile_smoke_optimization_zone_trace_not_investment_grade
scenario:radius-aggressive|method:baseline-topk|candidate:osm:node:667281517|dz:nuts2024:FR104,scenario:radius-aggressive|method:baseline-topk,scenario:radius-aggressive,method:baseline-topk,4,candidate:osm:node:667281517,dz:nuts2024:FR104,7,50,34.385,1356114,0.108063,Selected-site zone trace for audit and portfolio explanation only; not investment advice or a site feasibility claim.,tile_smoke_optimization_zone_trace_not_investment_grade
scenario:radius-aggressive|method:baseline-topk|candidate:osm:node:667281517|dz:nuts2024:FR108,scenario:radius-aggressive|method:baseline-topk,scenario:radius-aggressive,method:baseline-topk,4,candidate:osm:node:667281517,dz:nuts2024:FR108,8,50,34.313,1297210,0.103369,Selected-site zone trace for audit and portfolio explanation only; not investment advice or a site feasibility claim.,tile_smoke_optimization_zone_trace_not_investment_grade
scenario:radius-aggressive|method:baseline-topk|candidate:osm:node:837837342|dz:nuts2024:FR101,scenario:radius-aggressive|method:baseline-topk,scenario:radius-aggressive,method:baseline-topk,5,candidate:osm:node:837837342,dz:nuts2024:FR101,1,50,4.848,2065560,0.164596,Selected-site zone trace for audit and portfolio explanation only; not investment advice or a site feasibility claim.,tile_smoke_optimization_zone_trace_not_investment_grade
scenario:radius-aggressive|method:baseline-topk|candidate:osm:node:837837342|dz:nuts2024:FR106,scenario:radius-aggressive|method:baseline-topk,scenario:radius-aggressive,method:baseline-topk,5,candidate:osm:node:837837342,dz:nuts2024:FR106,2,50,5.57,1731789,0.137999,Selected-site zone trace for audit and portfolio explanation only; not investment advice or a site feasibility claim.,tile_smoke_optimization_zone_trace_not_investment_grade
scenario:radius-aggressive|method:baseline-topk|candidate:osm:node:837837342|dz:nuts2024:FR105,scenario:radius-aggressive|method:baseline-topk,scenario:radius-aggressive,method:baseline-topk,5,candidate:osm:node:837837342,dz:nuts2024:FR105,3,50,12.011,1668275,0.132938,Selected-site zone trace for audit and portfolio explanation only; not investment advice or a site feasibility claim.,tile_smoke_optimization_zone_trace_not_investment_grade
scenario:radius-aggressive|method:baseline-topk|candidate:osm:node:837837342|dz:nuts2024:FR103,scenario:radius-aggressive|method:baseline-topk,scenario:radius-aggressive,method:baseline-topk,5,candidate:osm:node:837837342,dz:nuts2024:FR103,4,50,41.905,1504565,0.119892,Selected-site zone trace for audit and portfolio explanation only; not investment advice or a site feasibility claim.,tile_smoke_optimization_zone_trace_not_investment_grade
scenario:radius-aggressive|method:baseline-topk|candidate:osm:node:837837342|dz:nuts2024:FR102,scenario:radius-aggressive|method:baseline-topk,scenario:radius-aggressive,method:baseline-topk,5,candidate:osm:node:837837342,dz:nuts2024:FR102,5,50,49.16,1490900,0.118804,Selected-site zone trace for audit and portfolio explanation only; not investment advice or a site feasibility claim.,tile_smoke_optimization_zone_trace_not_investment_grade
scenario:radius-aggressive|method:baseline-topk|candidate:osm:node:837837342|dz:nuts2024:FR107,scenario:radius-aggressive|method:baseline-topk,scenario:radius-aggressive,method:baseline-topk,5,candidate:osm:node:837837342,dz:nuts2024:FR107,6,50,10.908,1434875,0.114339,Selected-site zone trace for audit and portfolio explanation only; not investment advice or a site feasibility claim.,tile_smoke_optimization_zone_trace_not_investment_grade
scenario:radius-aggressive|method:baseline-topk|candidate:osm:node:837837342|dz:nuts2024:FR104,scenario:radius-aggressive|method:baseline-topk,scenario:radius-aggressive,method:baseline-topk,5,candidate:osm:node:837837342,dz:nuts2024:FR104,7,50,38.793,1356114,0.108063,Selected-site zone trace for audit and portfolio explanation only; not investment advice or a site feasibility claim.,tile_smoke_optimization_zone_trace_not_investment_grade
scenario:radius-aggressive|method:baseline-topk|candidate:osm:node:837837342|dz:nuts2024:FR108,scenario:radius-aggressive|method:baseline-topk,scenario:radius-aggressive,method:baseline-topk,5,candidate:osm:node:837837342,dz:nuts2024:FR108,8,50,32.216,1297210,0.103369,Selected-site zone trace for audit and portfolio explanation only; not investment advice or a site feasibility claim.,tile_smoke_optimization_zone_trace_not_investment_grade
scenario:radius-aggressive|method:baseline-topk|candidate:osm:node:25214653|dz:nuts2024:FR101,scenario:radius-aggressive|method:baseline-topk,scenario:radius-aggressive,method:baseline-topk,6,candidate:osm:node:25214653,dz:nuts2024:FR101,1,50,3.147,2065560,0.186787,Selected-site zone trace for audit and portfolio explanation only; not investment advice or a site feasibility claim.,tile_smoke_optimization_zone_trace_not_investment_grade
scenario:radius-aggressive|method:baseline-topk|candidate:osm:node:25214653|dz:nuts2024:FR106,scenario:radius-aggressive|method:baseline-topk,scenario:radius-aggressive,method:baseline-topk,6,candidate:osm:node:25214653,dz:nuts2024:FR106,2,50,6.071,1731789,0.156604,Selected-site zone trace for audit and portfolio explanation only; not investment advice or a site feasibility claim.,tile_smoke_optimization_zone_trace_not_investment_grade
scenario:radius-aggressive|method:baseline-topk|candidate:osm:node:25214653|dz:nuts2024:FR105,scenario:radius-aggressive|method:baseline-topk,scenario:radius-aggressive,method:baseline-topk,6,candidate:osm:node:25214653,dz:nuts2024:FR105,3,50,9.749,1668275,0.150861,Selected-site zone trace for audit and portfolio explanation only; not investment advice or a site feasibility claim.,tile_smoke_optimization_zone_trace_not_investment_grade
scenario:radius-aggressive|method:baseline-topk|candidate:osm:node:25214653|dz:nuts2024:FR103,scenario:radius-aggressive|method:baseline-topk,scenario:radius-aggressive,method:baseline-topk,6,candidate:osm:node:25214653,dz:nuts2024:FR103,4,50,39.771,1504565,0.136056,Selected-site zone trace for audit and portfolio explanation only; not investment advice or a site feasibility claim.,tile_smoke_optimization_zone_trace_not_investment_grade
scenario:radius-aggressive|method:baseline-topk|candidate:osm:node:25214653|dz:nuts2024:FR107,scenario:radius-aggressive|method:baseline-topk,scenario:radius-aggressive,method:baseline-topk,6,candidate:osm:node:25214653,dz:nuts2024:FR107,5,50,13.704,1434875,0.129754,Selected-site zone trace for audit and portfolio explanation only; not investment advice or a site feasibility claim.,tile_smoke_optimization_zone_trace_not_investment_grade
scenario:radius-aggressive|method:baseline-topk|candidate:osm:node:25214653|dz:nuts2024:FR104,scenario:radius-aggressive|method:baseline-topk,scenario:radius-aggressive,method:baseline-topk,6,candidate:osm:node:25214653,dz:nuts2024:FR104,6,50,39.839,1356114,0.122632,Selected-site zone trace for audit and portfolio explanation only; not investment advice or a site feasibility claim.,tile_smoke_optimization_zone_trace_not_investment_grade
scenario:radius-aggressive|method:baseline-topk|candidate:osm:node:25214653|dz:nuts2024:FR108,scenario:radius-aggressive|method:baseline-topk,scenario:radius-aggressive,method:baseline-topk,6,candidate:osm:node:25214653,dz:nuts2024:FR108,7,50,28.966,1297210,0.117306,Selected-site zone trace for audit and portfolio explanation only; not investment advice or a site feasibility claim.,tile_smoke_optimization_zone_trace_not_investment_grade
scenario:radius-aggressive|method:baseline-topk|candidate:osm:node:309654919|dz:nuts2024:FR101,scenario:radius-aggressive|method:baseline-topk,scenario:radius-aggressive,method:baseline-topk,7,candidate:osm:node:309654919,dz:nuts2024:FR101,1,50,3.143,2065560,0.186787,Selected-site zone trace for audit and portfolio explanation only; not investment advice or a site feasibility claim.,tile_smoke_optimization_zone_trace_not_investment_grade
scenario:radius-aggressive|method:baseline-topk|candidate:osm:node:309654919|dz:nuts2024:FR106,scenario:radius-aggressive|method:baseline-topk,scenario:radius-aggressive,method:baseline-topk,7,candidate:osm:node:309654919,dz:nuts2024:FR106,2,50,12.187,1731789,0.156604,Selected-site zone trace for audit and portfolio explanation only; not investment advice or a site feasibility claim.,tile_smoke_optimization_zone_trace_not_investment_grade
scenario:radius-aggressive|method:baseline-topk|candidate:osm:node:309654919|dz:nuts2024:FR105,scenario:radius-aggressive|method:baseline-topk,scenario:radius-aggressive,method:baseline-topk,7,candidate:osm:node:309654919,dz:nuts2024:FR105,3,50,4.216,1668275,0.150861,Selected-site zone trace for audit and portfolio explanation only; not investment advice or a site feasibility claim.,tile_smoke_optimization_zone_trace_not_investment_grade
scenario:radius-aggressive|method:baseline-topk|candidate:osm:node:309654919|dz:nuts2024:FR103,scenario:radius-aggressive|method:baseline-topk,scenario:radius-aggressive,method:baseline-topk,7,candidate:osm:node:309654919,dz:nuts2024:FR103,4,50,34.001,1504565,0.136056,Selected-site zone trace for audit and portfolio explanation only; not investment advice or a site feasibility claim.,tile_smoke_optimization_zone_trace_not_investment_grade
scenario:radius-aggressive|method:baseline-topk|candidate:osm:node:309654919|dz:nuts2024:FR107,scenario:radius-aggressive|method:baseline-topk,scenario:radius-aggressive,method:baseline-topk,7,candidate:osm:node:309654919,dz:nuts2024:FR107,5,50,14.116,1434875,0.129754,Selected-site zone trace for audit and portfolio explanation only; not investment advice or a site feasibility claim.,tile_smoke_optimization_zone_trace_not_investment_grade
scenario:radius-aggressive|method:baseline-topk|candidate:osm:node:309654919|dz:nuts2024:FR104,scenario:radius-aggressive|method:baseline-topk,scenario:radius-aggressive,method:baseline-topk,7,candidate:osm:node:309654919,dz:nuts2024:FR104,6,50,35.407,1356114,0.122632,Selected-site zone trace for audit and portfolio explanation only; not investment advice or a site feasibility claim.,tile_smoke_optimization_zone_trace_not_investment_grade
scenario:radius-aggressive|method:baseline-topk|candidate:osm:node:309654919|dz:nuts2024:FR108,scenario:radius-aggressive|method:baseline-topk,scenario:radius-aggressive,method:baseline-topk,7,candidate:osm:node:309654919,dz:nuts2024:FR108,7,50,28.894,1297210,0.117306,Selected-site zone trace for audit and portfolio explanation only; not investment advice or a site feasibility claim.,tile_smoke_optimization_zone_trace_not_investment_grade
scenario:radius-aggressive|method:baseline-topk|candidate:osm:node:320203219|dz:nuts2024:FR101,scenario:radius-aggressive|method:baseline-topk,scenario:radius-aggressive,method:baseline-topk,8,candidate:osm:node:320203219,dz:nuts2024:FR101,1,50,5.143,2065560,0.186787,Selected-site zone trace for audit and portfolio explanation only; not investment advice or a site feasibility claim.,tile_smoke_optimization_zone_trace_not_investment_grade
scenario:radius-aggressive|method:baseline-topk|candidate:osm:node:320203219|dz:nuts2024:FR106,scenario:radius-aggressive|method:baseline-topk,scenario:radius-aggressive,method:baseline-topk,8,candidate:osm:node:320203219,dz:nuts2024:FR106,2,50,5.068,1731789,0.156604,Selected-site zone trace for audit and portfolio explanation only; not investment advice or a site feasibility claim.,tile_smoke_optimization_zone_trace_not_investment_grade
scenario:radius-aggressive|method:baseline-topk|candidate:osm:node:320203219|dz:nuts2024:FR105,scenario:radius-aggressive|method:baseline-topk,scenario:radius-aggressive,method:baseline-topk,8,candidate:osm:node:320203219,dz:nuts2024:FR105,3,50,10.899,1668275,0.150861,Selected-site zone trace for audit and portfolio explanation only; not investment advice or a site feasibility claim.,tile_smoke_optimization_zone_trace_not_investment_grade
scenario:radius-aggressive|method:baseline-topk|candidate:osm:node:320203219|dz:nuts2024:FR103,scenario:radius-aggressive|method:baseline-topk,scenario:radius-aggressive,method:baseline-topk,8,candidate:osm:node:320203219,dz:nuts2024:FR103,4,50,40.709,1504565,0.136056,Selected-site zone trace for audit and portfolio explanation only; not investment advice or a site feasibility claim.,tile_smoke_optimization_zone_trace_not_investment_grade
scenario:radius-aggressive|method:baseline-topk|candidate:osm:node:320203219|dz:nuts2024:FR107,scenario:radius-aggressive|method:baseline-topk,scenario:radius-aggressive,method:baseline-topk,8,candidate:osm:node:320203219,dz:nuts2024:FR107,5,50,15.651,1434875,0.129754,Selected-site zone trace for audit and portfolio explanation only; not investment advice or a site feasibility claim.,tile_smoke_optimization_zone_trace_not_investment_grade
scenario:radius-aggressive|method:baseline-topk|candidate:osm:node:320203219|dz:nuts2024:FR104,scenario:radius-aggressive|method:baseline-topk,scenario:radius-aggressive,method:baseline-topk,8,candidate:osm:node:320203219,dz:nuts2024:FR104,6,50,42.066,1356114,0.122632,Selected-site zone trace for audit and portfolio explanation only; not investment advice or a site feasibility claim.,tile_smoke_optimization_zone_trace_not_investment_grade
scenario:radius-aggressive|method:baseline-topk|candidate:osm:node:320203219|dz:nuts2024:FR108,scenario:radius-aggressive|method:baseline-topk,scenario:radius-aggressive,method:baseline-topk,8,candidate:osm:node:320203219,dz:nuts2024:FR108,7,50,27.513,1297210,0.117306,Selected-site zone trace for audit and portfolio explanation only; not investment advice or a site feasibility claim.,tile_smoke_optimization_zone_trace_not_investment_grade
scenario:radius-aggressive|method:baseline-topk|candidate:osm:node:625171506|dz:nuts2024:FR101,scenario:radius-aggressive|method:baseline-topk,scenario:radius-aggressive,method:baseline-topk,9,candidate:osm:node:625171506,dz:nuts2024:FR101,1,50,3.338,2065560,0.186787,Selected-site zone trace for audit and portfolio explanation only; not investment advice or a site feasibility claim.,tile_smoke_optimization_zone_trace_not_investment_grade
scenario:radius-aggressive|method:baseline-topk|candidate:osm:node:625171506|dz:nuts2024:FR106,scenario:radius-aggressive|method:baseline-topk,scenario:radius-aggressive,method:baseline-topk,9,candidate:osm:node:625171506,dz:nuts2024:FR106,2,50,10.179,1731789,0.156604,Selected-site zone trace for audit and portfolio explanation only; not investment advice or a site feasibility claim.,tile_smoke_optimization_zone_trace_not_investment_grade
scenario:radius-aggressive|method:baseline-topk|candidate:osm:node:625171506|dz:nuts2024:FR105,scenario:radius-aggressive|method:baseline-topk,scenario:radius-aggressive,method:baseline-topk,9,candidate:osm:node:625171506,dz:nuts2024:FR105,3,50,8.914,1668275,0.150861,Selected-site zone trace for audit and portfolio explanation only; not investment advice or a site feasibility claim.,tile_smoke_optimization_zone_trace_not_investment_grade
scenario:radius-aggressive|method:baseline-topk|candidate:osm:node:625171506|dz:nuts2024:FR103,scenario:radius-aggressive|method:baseline-topk,scenario:radius-aggressive,method:baseline-topk,9,candidate:osm:node:625171506,dz:nuts2024:FR103,4,50,38.007,1504565,0.136056,Selected-site zone trace for audit and portfolio explanation only; not investment advice or a site feasibility claim.,tile_smoke_optimization_zone_trace_not_investment_grade
scenario:radius-aggressive|method:baseline-topk|candidate:osm:node:625171506|dz:nuts2024:FR107,scenario:radius-aggressive|method:baseline-topk,scenario:radius-aggressive,method:baseline-topk,9,candidate:osm:node:625171506,dz:nuts2024:FR107,5,50,9.618,1434875,0.129754,Selected-site zone trace for audit and portfolio explanation only; not investment advice or a site feasibility claim.,tile_smoke_optimization_zone_trace_not_investment_grade
scenario:radius-aggressive|method:baseline-topk|candidate:osm:node:625171506|dz:nuts2024:FR104,scenario:radius-aggressive|method:baseline-topk,scenario:radius-aggressive,method:baseline-topk,9,candidate:osm:node:625171506,dz:nuts2024:FR104,6,50,34.572,1356114,0.122632,Selected-site zone trace for audit and portfolio explanation only; not investment advice or a site feasibility claim.,tile_smoke_optimization_zone_trace_not_investment_grade
scenario:radius-aggressive|method:baseline-topk|candidate:osm:node:625171506|dz:nuts2024:FR108,scenario:radius-aggressive|method:baseline-topk,scenario:radius-aggressive,method:baseline-topk,9,candidate:osm:node:625171506,dz:nuts2024:FR108,7,50,32.784,1297210,0.117306,Selected-site zone trace for audit and portfolio explanation only; not investment advice or a site feasibility claim.,tile_smoke_optimization_zone_trace_not_investment_grade
scenario:radius-aggressive|method:baseline-topk|candidate:osm:node:255003455|dz:nuts2024:FR101,scenario:radius-aggressive|method:baseline-topk,scenario:radius-aggressive,method:baseline-topk,10,candidate:osm:node:255003455,dz:nuts2024:FR101,1,50,5.998,2065560,0.186787,Selected-site zone trace for audit and portfolio explanation only; not investment advice or a site feasibility claim.,tile_smoke_optimization_zone_trace_not_investment_grade
scenario:radius-aggressive|method:baseline-topk|candidate:osm:node:255003455|dz:nuts2024:FR106,scenario:radius-aggressive|method:baseline-topk,scenario:radius-aggressive,method:baseline-topk,10,candidate:osm:node:255003455,dz:nuts2024:FR106,2,50,12.81,1731789,0.156604,Selected-site zone trace for audit and portfolio explanation only; not investment advice or a site feasibility claim.,tile_smoke_optimization_zone_trace_not_investment_grade
scenario:radius-aggressive|method:baseline-topk|candidate:osm:node:255003455|dz:nuts2024:FR105,scenario:radius-aggressive|method:baseline-topk,scenario:radius-aggressive,method:baseline-topk,10,candidate:osm:node:255003455,dz:nuts2024:FR105,3,50,4.223,1668275,0.150861,Selected-site zone trace for audit and portfolio explanation only; not investment advice or a site feasibility claim.,tile_smoke_optimization_zone_trace_not_investment_grade
scenario:radius-aggressive|method:baseline-topk|candidate:osm:node:255003455|dz:nuts2024:FR103,scenario:radius-aggressive|method:baseline-topk,scenario:radius-aggressive,method:baseline-topk,10,candidate:osm:node:255003455,dz:nuts2024:FR103,4,50,33.048,1504565,0.136056,Selected-site zone trace for audit and portfolio explanation only; not investment advice or a site feasibility claim.,tile_smoke_optimization_zone_trace_not_investment_grade
scenario:radius-aggressive|method:baseline-topk|candidate:osm:node:255003455|dz:nuts2024:FR107,scenario:radius-aggressive|method:baseline-topk,scenario:radius-aggressive,method:baseline-topk,10,candidate:osm:node:255003455,dz:nuts2024:FR107,5,50,18.577,1434875,0.129754,Selected-site zone trace for audit and portfolio explanation only; not investment advice or a site feasibility claim.,tile_smoke_optimization_zone_trace_not_investment_grade
scenario:radius-aggressive|method:baseline-topk|candidate:osm:node:255003455|dz:nuts2024:FR104,scenario:radius-aggressive|method:baseline-topk,scenario:radius-aggressive,method:baseline-topk,10,candidate:osm:node:255003455,dz:nuts2024:FR104,6,50,39.273,1356114,0.122632,Selected-site zone trace for audit and portfolio explanation only; not investment advice or a site feasibility claim.,tile_smoke_optimization_zone_trace_not_investment_grade
scenario:radius-aggressive|method:baseline-topk|candidate:osm:node:255003455|dz:nuts2024:FR108,scenario:radius-aggressive|method:baseline-topk,scenario:radius-aggressive,method:baseline-topk,10,candidate:osm:node:255003455,dz:nuts2024:FR108,7,50,24.169,1297210,0.117306,Selected-site zone trace for audit and portfolio explanation only; not investment advice or a site feasibility claim.,tile_smoke_optimization_zone_trace_not_investment_grade
scenario:radius-aggressive|method:mclp-pulp-cbc|candidate:osm:node:667281517|dz:nuts2024:FR101,scenario:radius-aggressive|method:mclp-pulp-cbc,scenario:radius-aggressive,method:mclp-pulp-cbc,1,candidate:osm:node:667281517,dz:nuts2024:FR101,1,50,4.855,2065560,0.164596,Selected-site zone trace for audit and portfolio explanation only; not investment advice or a site feasibility claim.,tile_smoke_optimization_zone_trace_not_investment_grade
scenario:radius-aggressive|method:mclp-pulp-cbc|candidate:osm:node:667281517|dz:nuts2024:FR106,scenario:radius-aggressive|method:mclp-pulp-cbc,scenario:radius-aggressive,method:mclp-pulp-cbc,1,candidate:osm:node:667281517,dz:nuts2024:FR106,2,50,9.975,1731789,0.137999,Selected-site zone trace for audit and portfolio explanation only; not investment advice or a site feasibility claim.,tile_smoke_optimization_zone_trace_not_investment_grade
scenario:radius-aggressive|method:mclp-pulp-cbc|candidate:osm:node:667281517|dz:nuts2024:FR105,scenario:radius-aggressive|method:mclp-pulp-cbc,scenario:radius-aggressive,method:mclp-pulp-cbc,1,candidate:osm:node:667281517,dz:nuts2024:FR105,3,50,10.681,1668275,0.132938,Selected-site zone trace for audit and portfolio explanation only; not investment advice or a site feasibility claim.,tile_smoke_optimization_zone_trace_not_investment_grade
scenario:radius-aggressive|method:mclp-pulp-cbc|candidate:osm:node:667281517|dz:nuts2024:FR103,scenario:radius-aggressive|method:mclp-pulp-cbc,scenario:radius-aggressive,method:mclp-pulp-cbc,1,candidate:osm:node:667281517,dz:nuts2024:FR103,4,50,39.522,1504565,0.119892,Selected-site zone trace for audit and portfolio explanation only; not investment advice or a site feasibility claim.,tile_smoke_optimization_zone_trace_not_investment_grade
scenario:radius-aggressive|method:mclp-pulp-cbc|candidate:osm:node:667281517|dz:nuts2024:FR102,scenario:radius-aggressive|method:mclp-pulp-cbc,scenario:radius-aggressive,method:mclp-pulp-cbc,1,candidate:osm:node:667281517,dz:nuts2024:FR102,5,50,48.533,1490900,0.118804,Selected-site zone trace for audit and portfolio explanation only; not investment advice or a site feasibility claim.,tile_smoke_optimization_zone_trace_not_investment_grade
scenario:radius-aggressive|method:mclp-pulp-cbc|candidate:osm:node:667281517|dz:nuts2024:FR107,scenario:radius-aggressive|method:mclp-pulp-cbc,scenario:radius-aggressive,method:mclp-pulp-cbc,1,candidate:osm:node:667281517,dz:nuts2024:FR107,6,50,8.012,1434875,0.114339,Selected-site zone trace for audit and portfolio explanation only; not investment advice or a site feasibility claim.,tile_smoke_optimization_zone_trace_not_investment_grade
scenario:radius-aggressive|method:mclp-pulp-cbc|candidate:osm:node:667281517|dz:nuts2024:FR104,scenario:radius-aggressive|method:mclp-pulp-cbc,scenario:radius-aggressive,method:mclp-pulp-cbc,1,candidate:osm:node:667281517,dz:nuts2024:FR104,7,50,34.385,1356114,0.108063,Selected-site zone trace for audit and portfolio explanation only; not investment advice or a site feasibility claim.,tile_smoke_optimization_zone_trace_not_investment_grade
scenario:radius-aggressive|method:mclp-pulp-cbc|candidate:osm:node:667281517|dz:nuts2024:FR108,scenario:radius-aggressive|method:mclp-pulp-cbc,scenario:radius-aggressive,method:mclp-pulp-cbc,1,candidate:osm:node:667281517,dz:nuts2024:FR108,8,50,34.313,1297210,0.103369,Selected-site zone trace for audit and portfolio explanation only; not investment advice or a site feasibility claim.,tile_smoke_optimization_zone_trace_not_investment_grade
scenario:radius-aggressive|method:mclp-pulp-cbc|candidate:osm:node:1629427781|dz:nuts2024:BE100,scenario:radius-aggressive|method:mclp-pulp-cbc,scenario:radius-aggressive,method:mclp-pulp-cbc,2,candidate:osm:node:1629427781,dz:nuts2024:BE100,1,50,41.296,1271709,0.218613,Selected-site zone trace for audit and portfolio explanation only; not investment advice or a site feasibility claim.,tile_smoke_optimization_zone_trace_not_investment_grade
scenario:radius-aggressive|method:mclp-pulp-cbc|candidate:osm:node:1629427781|dz:nuts2024:BE211,scenario:radius-aggressive|method:mclp-pulp-cbc,scenario:radius-aggressive,method:mclp-pulp-cbc,2,candidate:osm:node:1629427781,dz:nuts2024:BE211,2,50,49.775,1101687,0.189385,Selected-site zone trace for audit and portfolio explanation only; not investment advice or a site feasibility claim.,tile_smoke_optimization_zone_trace_not_investment_grade
scenario:radius-aggressive|method:mclp-pulp-cbc|candidate:osm:node:1629427781|dz:nuts2024:BE241,scenario:radius-aggressive|method:mclp-pulp-cbc,scenario:radius-aggressive,method:mclp-pulp-cbc,2,candidate:osm:node:1629427781,dz:nuts2024:BE241,3,50,31.618,674772,0.115997,Selected-site zone trace for audit and portfolio explanation only; not investment advice or a site feasibility claim.,tile_smoke_optimization_zone_trace_not_investment_grade
scenario:radius-aggressive|method:mclp-pulp-cbc|candidate:osm:node:1629427781|dz:nuts2024:BE234,scenario:radius-aggressive|method:mclp-pulp-cbc,scenario:radius-aggressive,method:mclp-pulp-cbc,2,candidate:osm:node:1629427781,dz:nuts2024:BE234,4,50,16.659,583606,0.100325,Selected-site zone trace for audit and portfolio explanation only; not investment advice or a site feasibility claim.,tile_smoke_optimization_zone_trace_not_investment_grade
scenario:radius-aggressive|method:mclp-pulp-cbc|candidate:osm:node:1629427781|dz:nuts2024:BE212,scenario:radius-aggressive|method:mclp-pulp-cbc,scenario:radius-aggressive,method:mclp-pulp-cbc,2,candidate:osm:node:1629427781,dz:nuts2024:BE212,5,50,41.946,362480,0.062312,Selected-site zone trace for audit and portfolio explanation only; not investment advice or a site feasibility claim.,tile_smoke_optimization_zone_trace_not_investment_grade
scenario:radius-aggressive|method:mclp-pulp-cbc|candidate:osm:node:1629427781|dz:nuts2024:BE231,scenario:radius-aggressive|method:mclp-pulp-cbc,scenario:radius-aggressive,method:mclp-pulp-cbc,2,candidate:osm:node:1629427781,dz:nuts2024:BE231,6,50,21.488,307873,0.052925,Selected-site zone trace for audit and portfolio explanation only; not investment advice or a site feasibility claim.,tile_smoke_optimization_zone_trace_not_investment_grade
scenario:radius-aggressive|method:mclp-pulp-cbc|candidate:osm:node:1629427781|dz:nuts2024:BE254,scenario:radius-aggressive|method:mclp-pulp-cbc,scenario:radius-aggressive,method:mclp-pulp-cbc,2,candidate:osm:node:1629427781,dz:nuts2024:BE254,7,50,48.114,304883,0.052411,Selected-site zone trace for audit and portfolio explanation only; not investment advice or a site feasibility claim.,tile_smoke_optimization_zone_trace_not_investment_grade
scenario:radius-aggressive|method:mclp-pulp-cbc|candidate:osm:node:1629427781|dz:nuts2024:BE251,scenario:radius-aggressive|method:mclp-pulp-cbc,scenario:radius-aggressive,method:mclp-pulp-cbc,2,candidate:osm:node:1629427781,dz:nuts2024:BE251,8,50,49.244,288078,0.049522,Selected-site zone trace for audit and portfolio explanation only; not investment advice or a site feasibility claim.,tile_smoke_optimization_zone_trace_not_investment_grade
scenario:radius-aggressive|method:mclp-pulp-cbc|candidate:osm:node:1629427781|dz:nuts2024:BE236,scenario:radius-aggressive|method:mclp-pulp-cbc,scenario:radius-aggressive,method:mclp-pulp-cbc,2,candidate:osm:node:1629427781,dz:nuts2024:BE236,9,50,24.927,267496,0.045984,Selected-site zone trace for audit and portfolio explanation only; not investment advice or a site feasibility claim.,tile_smoke_optimization_zone_trace_not_investment_grade
scenario:radius-aggressive|method:mclp-pulp-cbc|candidate:osm:node:1629427781|dz:nuts2024:BE232,scenario:radius-aggressive|method:mclp-pulp-cbc,scenario:radius-aggressive,method:mclp-pulp-cbc,2,candidate:osm:node:1629427781,dz:nuts2024:BE232,10,50,10.588,208652,0.035868,Selected-site zone trace for audit and portfolio explanation only; not investment advice or a site feasibility claim.,tile_smoke_optimization_zone_trace_not_investment_grade
scenario:radius-aggressive|method:mclp-pulp-cbc|candidate:osm:node:1629427781|dz:nuts2024:BE32A,scenario:radius-aggressive|method:mclp-pulp-cbc,scenario:radius-aggressive,method:mclp-pulp-cbc,2,candidate:osm:node:1629427781,dz:nuts2024:BE32A,11,50,48.649,130872,0.022498,Selected-site zone trace for audit and portfolio explanation only; not investment advice or a site feasibility claim.,tile_smoke_optimization_zone_trace_not_investment_grade
scenario:radius-aggressive|method:mclp-pulp-cbc|candidate:osm:node:1629427781|dz:nuts2024:BE235,scenario:radius-aggressive|method:mclp-pulp-cbc,scenario:radius-aggressive,method:mclp-pulp-cbc,2,candidate:osm:node:1629427781,dz:nuts2024:BE235,12,50,29.412,128922,0.022162,Selected-site zone trace for audit and portfolio explanation only; not investment advice or a site feasibility claim.,tile_smoke_optimization_zone_trace_not_investment_grade
scenario:radius-aggressive|method:mclp-pulp-cbc|candidate:osm:node:1629427781|dz:nuts2024:BE257,scenario:radius-aggressive|method:mclp-pulp-cbc,scenario:radius-aggressive,method:mclp-pulp-cbc,2,candidate:osm:node:1629427781,dz:nuts2024:BE257,13,50,41.698,96253,0.016546,Selected-site zone trace for audit and portfolio explanation only; not investment advice or a site feasibility claim.,tile_smoke_optimization_zone_trace_not_investment_grade
scenario:radius-aggressive|method:mclp-pulp-cbc|candidate:osm:node:1629427781|dz:nuts2024:BE233,scenario:radius-aggressive|method:mclp-pulp-cbc,scenario:radius-aggressive,method:mclp-pulp-cbc,2,candidate:osm:node:1629427781,dz:nuts2024:BE233,14,50,28.102,89887,0.015452,Selected-site zone trace for audit and portfolio explanation only; not investment advice or a site feasibility claim.,tile_smoke_optimization_zone_trace_not_investment_grade
scenario:radius-aggressive|method:mclp-pulp-cbc|candidate:osm:node:301460793|dz:nuts2024:DE111,scenario:radius-aggressive|method:mclp-pulp-cbc,scenario:radius-aggressive,method:mclp-pulp-cbc,3,candidate:osm:node:301460793,dz:nuts2024:DE111,1,50,26.512,612663,0.124761,Selected-site zone trace for audit and portfolio explanation only; not investment advice or a site feasibility claim.,tile_smoke_optimization_zone_trace_not_investment_grade
scenario:radius-aggressive|method:mclp-pulp-cbc|candidate:osm:node:301460793|dz:nuts2024:DE113,scenario:radius-aggressive|method:mclp-pulp-cbc,scenario:radius-aggressive,method:mclp-pulp-cbc,3,candidate:osm:node:301460793,dz:nuts2024:DE113,2,50,41.972,536601,0.109272,Selected-site zone trace for audit and portfolio explanation only; not investment advice or a site feasibility claim.,tile_smoke_optimization_zone_trace_not_investment_grade
scenario:radius-aggressive|method:mclp-pulp-cbc|candidate:osm:node:301460793|dz:nuts2024:DE115,scenario:radius-aggressive|method:mclp-pulp-cbc,scenario:radius-aggressive,method:mclp-pulp-cbc,3,candidate:osm:node:301460793,dz:nuts2024:DE115,3,50,22.86,535374,0.109022,Selected-site zone trace for audit and portfolio explanation only; not investment advice or a site feasibility claim.,tile_smoke_optimization_zone_trace_not_investment_grade
scenario:radius-aggressive|method:mclp-pulp-cbc|candidate:osm:node:301460793|dz:nuts2024:DE123,scenario:radius-aggressive|method:mclp-pulp-cbc,scenario:radius-aggressive,method:mclp-pulp-cbc,3,candidate:osm:node:301460793,dz:nuts2024:DE123,4,50,31.366,456264,0.092912,Selected-site zone trace for audit and portfolio explanation only; not investment advice or a site feasibility claim.,tile_smoke_optimization_zone_trace_not_investment_grade
scenario:radius-aggressive|method:mclp-pulp-cbc|candidate:osm:node:301460793|dz:nuts2024:DE116,scenario:radius-aggressive|method:mclp-pulp-cbc,scenario:radius-aggressive,method:mclp-pulp-cbc,3,candidate:osm:node:301460793,dz:nuts2024:DE116,5,50,48.851,440696,0.089742,Selected-site zone trace for audit and portfolio explanation only; not investment advice or a site feasibility claim.,tile_smoke_optimization_zone_trace_not_investment_grade
scenario:radius-aggressive|method:mclp-pulp-cbc|candidate:osm:node:301460793|dz:nuts2024:DE112,scenario:radius-aggressive|method:mclp-pulp-cbc,scenario:radius-aggressive,method:mclp-pulp-cbc,3,candidate:osm:node:301460793,dz:nuts2024:DE112,6,50,18.048,395167,0.08047,Selected-site zone trace for audit and portfolio explanation only; not investment advice or a site feasibility claim.,tile_smoke_optimization_zone_trace_not_investment_grade
scenario:radius-aggressive|method:mclp-pulp-cbc|candidate:osm:node:301460793|dz:nuts2024:DE118,scenario:radius-aggressive|method:mclp-pulp-cbc,scenario:radius-aggressive,method:mclp-pulp-cbc,3,candidate:osm:node:301460793,dz:nuts2024:DE118,7,50,47.213,353877,0.072062,Selected-site zone trace for audit and portfolio explanation only; not investment advice or a site feasibility claim.,tile_smoke_optimization_zone_trace_not_investment_grade
scenario:radius-aggressive|method:mclp-pulp-cbc|candidate:osm:node:301460793|dz:nuts2024:DE122,scenario:radius-aggressive|method:mclp-pulp-cbc,scenario:radius-aggressive,method:mclp-pulp-cbc,3,candidate:osm:node:301460793,dz:nuts2024:DE122,8,50,39.112,309050,0.062934,Selected-site zone trace for audit and portfolio explanation only; not investment advice or a site feasibility claim.,tile_smoke_optimization_zone_trace_not_investment_grade
scenario:radius-aggressive|method:mclp-pulp-cbc|candidate:osm:node:301460793|dz:nuts2024:DE142,scenario:radius-aggressive|method:mclp-pulp-cbc,scenario:radius-aggressive,method:mclp-pulp-cbc,3,candidate:osm:node:301460793,dz:nuts2024:DE142,9,50,39.914,233546,0.047559,Selected-site zone trace for audit and portfolio explanation only; not investment advice or a site feasibility claim.,tile_smoke_optimization_zone_trace_not_investment_grade
scenario:radius-aggressive|method:mclp-pulp-cbc|candidate:osm:node:301460793|dz:nuts2024:DE124,scenario:radius-aggressive|method:mclp-pulp-cbc,scenario:radius-aggressive,method:mclp-pulp-cbc,3,candidate:osm:node:301460793,dz:nuts2024:DE124,10,50,46.076,230737,0.046987,Selected-site zone trace for audit and portfolio explanation only; not investment advice or a site feasibility claim.,tile_smoke_optimization_zone_trace_not_investment_grade
scenario:radius-aggressive|method:mclp-pulp-cbc|candidate:osm:node:301460793|dz:nuts2024:DE12B,scenario:radius-aggressive|method:mclp-pulp-cbc,scenario:radius-aggressive,method:mclp-pulp-cbc,3,candidate:osm:node:301460793,dz:nuts2024:DE12B,11,50,13.117,199745,0.040675,Selected-site zone trace for audit and portfolio explanation only; not investment advice or a site feasibility claim.,tile_smoke_optimization_zone_trace_not_investment_grade
scenario:radius-aggressive|method:mclp-pulp-cbc|candidate:osm:node:301460793|dz:nuts2024:DE12A,scenario:radius-aggressive|method:mclp-pulp-cbc,scenario:radius-aggressive,method:mclp-pulp-cbc,3,candidate:osm:node:301460793,dz:nuts2024:DE12A,12,50,24.554,161251,0.032837,Selected-site zone trace for audit and portfolio explanation only; not investment advice or a site feasibility claim.,tile_smoke_optimization_zone_trace_not_investment_grade
scenario:radius-aggressive|method:mclp-pulp-cbc|candidate:osm:node:301460793|dz:nuts2024:DE129,scenario:radius-aggressive|method:mclp-pulp-cbc,scenario:radius-aggressive,method:mclp-pulp-cbc,3,candidate:osm:node:301460793,dz:nuts2024:DE129,13,50,10.676,134912,0.027473,Selected-site zone trace for audit and portfolio explanation only; not investment advice or a site feasibility claim.,tile_smoke_optimization_zone_trace_not_investment_grade
scenario:radius-aggressive|method:mclp-pulp-cbc|candidate:osm:node:301460793|dz:nuts2024:DE117,scenario:radius-aggressive|method:mclp-pulp-cbc,scenario:radius-aggressive,method:mclp-pulp-cbc,3,candidate:osm:node:301460793,dz:nuts2024:DE117,14,50,42.665,131986,0.026877,Selected-site zone trace for audit and portfolio explanation only; not investment advice or a site feasibility claim.,tile_smoke_optimization_zone_trace_not_investment_grade
scenario:radius-aggressive|method:mclp-pulp-cbc|candidate:osm:node:301460793|dz:nuts2024:DE12C,scenario:radius-aggressive|method:mclp-pulp-cbc,scenario:radius-aggressive,method:mclp-pulp-cbc,3,candidate:osm:node:301460793,dz:nuts2024:DE12C,15,50,45.506,121958,0.024835,Selected-site zone trace for audit and portfolio explanation only; not investment advice or a site feasibility claim.,tile_smoke_optimization_zone_trace_not_investment_grade
scenario:radius-aggressive|method:mclp-pulp-cbc|candidate:osm:node:301460793|dz:nuts2024:DE121,scenario:radius-aggressive|method:mclp-pulp-cbc,scenario:radius-aggressive,method:mclp-pulp-cbc,3,candidate:osm:node:301460793,dz:nuts2024:DE121,16,50,46.351,56881,0.011583,Selected-site zone trace for audit and portfolio explanation only; not investment advice or a site feasibility claim.,tile_smoke_optimization_zone_trace_not_investment_grade
scenario:radius-aggressive|method:mclp-pulp-cbc|candidate:osm:node:428839243|dz:nuts2024:DE128,scenario:radius-aggressive|method:mclp-pulp-cbc,scenario:radius-aggressive,method:mclp-pulp-cbc,4,candidate:osm:node:428839243,dz:nuts2024:DE128,1,50,27.139,558561,0.143298,Selected-site zone trace for audit and portfolio explanation only; not investment advice or a site feasibility claim.,tile_smoke_optimization_zone_trace_not_investment_grade
scenario:radius-aggressive|method:mclp-pulp-cbc|candidate:osm:node:428839243|dz:nuts2024:DE123,scenario:radius-aggressive|method:mclp-pulp-cbc,scenario:radius-aggressive,method:mclp-pulp-cbc,4,candidate:osm:node:428839243,dz:nuts2024:DE123,2,50,48.825,456264,0.117054,Selected-site zone trace for audit and portfolio explanation only; not investment advice or a site feasibility claim.,tile_smoke_optimization_zone_trace_not_investment_grade
scenario:radius-aggressive|method:mclp-pulp-cbc|candidate:osm:node:428839243|dz:nuts2024:DE126,scenario:radius-aggressive|method:mclp-pulp-cbc,scenario:radius-aggressive,method:mclp-pulp-cbc,4,candidate:osm:node:428839243,dz:nuts2024:DE126,3,50,5.471,318035,0.081591,Selected-site zone trace for audit and portfolio explanation only; not investment advice or a site feasibility claim.,tile_smoke_optimization_zone_trace_not_investment_grade
scenario:radius-aggressive|method:mclp-pulp-cbc|candidate:osm:node:428839243|dz:nuts2024:DE716,scenario:radius-aggressive|method:mclp-pulp-cbc,scenario:radius-aggressive,method:mclp-pulp-cbc,4,candidate:osm:node:428839243,dz:nuts2024:DE716,4,50,49.329,302021,0.077483,Selected-site zone trace for audit and portfolio explanation only; not investment advice or a site feasibility claim.,tile_smoke_optimization_zone_trace_not_investment_grade
scenario:radius-aggressive|method:mclp-pulp-cbc|candidate:osm:node:428839243|dz:nuts2024:DE715,scenario:radius-aggressive|method:mclp-pulp-cbc,scenario:radius-aggressive,method:mclp-pulp-cbc,4,candidate:osm:node:428839243,dz:nuts2024:DE715,5,50,20.367,274169,0.070338,Selected-site zone trace for audit and portfolio explanation only; not investment advice or a site feasibility claim.,tile_smoke_optimization_zone_trace_not_investment_grade
scenario:radius-aggressive|method:mclp-pulp-cbc|candidate:osm:node:428839243|dz:nuts2024:DE717,scenario:radius-aggressive|method:mclp-pulp-cbc,scenario:radius-aggressive,method:mclp-pulp-cbc,4,candidate:osm:node:428839243,dz:nuts2024:DE717,6,50,45.698,268310,0.068835,Selected-site zone trace for audit and portfolio explanation only; not investment advice or a site feasibility claim.,tile_smoke_optimization_zone_trace_not_investment_grade
scenario:radius-aggressive|method:mclp-pulp-cbc|candidate:osm:node:428839243|dz:nuts2024:DEB34,scenario:radius-aggressive|method:mclp-pulp-cbc,scenario:radius-aggressive,method:mclp-pulp-cbc,4,candidate:osm:node:428839243,dz:nuts2024:DEB34,7,50,2.764,177222,0.045466,Selected-site zone trace for audit and portfolio explanation only; not investment advice or a site feasibility claim.,tile_smoke_optimization_zone_trace_not_investment_grade
scenario:radius-aggressive|method:mclp-pulp-cbc|candidate:osm:node:428839243|dz:nuts2024:DE711,scenario:radius-aggressive|method:mclp-pulp-cbc,scenario:radius-aggressive,method:mclp-pulp-cbc,4,candidate:osm:node:428839243,dz:nuts2024:DE711,8,50,47.018,167029,0.042851,Selected-site zone trace for audit and portfolio explanation only; not investment advice or a site feasibility claim.,tile_smoke_optimization_zone_trace_not_investment_grade
scenario:radius-aggressive|method:mclp-pulp-cbc|candidate:osm:node:428839243|dz:nuts2024:DEB3I,scenario:radius-aggressive|method:mclp-pulp-cbc,scenario:radius-aggressive,method:mclp-pulp-cbc,4,candidate:osm:node:428839243,dz:nuts2024:DEB3I,9,50,7.748,155882,0.039991,Selected-site zone trace for audit and portfolio explanation only; not investment advice or a site feasibility claim.,tile_smoke_optimization_zone_trace_not_investment_grade
scenario:radius-aggressive|method:mclp-pulp-cbc|candidate:osm:node:428839243|dz:nuts2024:DE125,scenario:radius-aggressive|method:mclp-pulp-cbc,scenario:radius-aggressive,method:mclp-pulp-cbc,4,candidate:osm:node:428839243,dz:nuts2024:DE125,10,50,21.93,155756,0.039959,Selected-site zone trace for audit and portfolio explanation only; not investment advice or a site feasibility claim.,tile_smoke_optimization_zone_trace_not_investment_grade
scenario:radius-aggressive|method:mclp-pulp-cbc|candidate:osm:node:428839243|dz:nuts2024:DEB3C,scenario:radius-aggressive|method:mclp-pulp-cbc,scenario:radius-aggressive,method:mclp-pulp-cbc,4,candidate:osm:node:428839243,dz:nuts2024:DEB3C,11,50,25.759,134329,0.034462,Selected-site zone trace for audit and portfolio explanation only; not investment advice or a site feasibility claim.,tile_smoke_optimization_zone_trace_not_investment_grade
scenario:radius-aggressive|method:mclp-pulp-cbc|candidate:osm:node:428839243|dz:nuts2024:DEB3E,scenario:radius-aggressive|method:mclp-pulp-cbc,scenario:radius-aggressive,method:mclp-pulp-cbc,4,candidate:osm:node:428839243,dz:nuts2024:DEB3E,12,50,41.538,131383,0.033706,Selected-site zone trace for audit and portfolio explanation only; not investment advice or a site feasibility claim.,tile_smoke_optimization_zone_trace_not_investment_grade
scenario:radius-aggressive|method:mclp-pulp-cbc|candidate:osm:node:428839243|dz:nuts2024:DEB3B,scenario:radius-aggressive|method:mclp-pulp-cbc,scenario:radius-aggressive,method:mclp-pulp-cbc,4,candidate:osm:node:428839243,dz:nuts2024:DEB3B,13,50,33.881,131238,0.033669,Selected-site zone trace for audit and portfolio explanation only; not investment advice or a site feasibility claim.,tile_smoke_optimization_zone_trace_not_investment_grade
scenario:radius-aggressive|method:mclp-pulp-cbc|candidate:osm:node:428839243|dz:nuts2024:DEB3H,scenario:radius-aggressive|method:mclp-pulp-cbc,scenario:radius-aggressive,method:mclp-pulp-cbc,4,candidate:osm:node:428839243,dz:nuts2024:DEB3H,14,50,42.328,113031,0.028998,Selected-site zone trace for audit and portfolio explanation only; not investment advice or a site feasibility claim.,tile_smoke_optimization_zone_trace_not_investment_grade
scenario:radius-aggressive|method:mclp-pulp-cbc|candidate:osm:node:428839243|dz:nuts2024:DEB32,scenario:radius-aggressive|method:mclp-pulp-cbc,scenario:radius-aggressive,method:mclp-pulp-cbc,4,candidate:osm:node:428839243,dz:nuts2024:DEB32,15,50,48.889,100426,0.025764,Selected-site zone trace for audit and portfolio explanation only; not investment advice or a site feasibility claim.,tile_smoke_optimization_zone_trace_not_investment_grade
scenario:radius-aggressive|method:mclp-pulp-cbc|candidate:osm:node:428839243|dz:nuts2024:DE71B,scenario:radius-aggressive|method:mclp-pulp-cbc,scenario:radius-aggressive,method:mclp-pulp-cbc,4,candidate:osm:node:428839243,dz:nuts2024:DE71B,16,50,43.062,93846,0.024076,Selected-site zone trace for audit and portfolio explanation only; not investment advice or a site feasibility claim.,tile_smoke_optimization_zone_trace_not_investment_grade
scenario:radius-aggressive|method:mclp-pulp-cbc|candidate:osm:node:428839243|dz:nuts2024:DEB39,scenario:radius-aggressive|method:mclp-pulp-cbc,scenario:radius-aggressive,method:mclp-pulp-cbc,4,candidate:osm:node:428839243,dz:nuts2024:DEB39,17,50,20.171,86753,0.022256,Selected-site zone trace for audit and portfolio explanation only; not investment advice or a site feasibility claim.,tile_smoke_optimization_zone_trace_not_investment_grade
scenario:radius-aggressive|method:mclp-pulp-cbc|candidate:osm:node:428839243|dz:nuts2024:DEB3D,scenario:radius-aggressive|method:mclp-pulp-cbc,scenario:radius-aggressive,method:mclp-pulp-cbc,4,candidate:osm:node:428839243,dz:nuts2024:DEB3D,18,50,39.429,74783,0.019185,Selected-site zone trace for audit and portfolio explanation only; not investment advice or a site feasibility claim.,tile_smoke_optimization_zone_trace_not_investment_grade
scenario:radius-aggressive|method:mclp-pulp-cbc|candidate:osm:node:428839243|dz:nuts2024:DEB36,scenario:radius-aggressive|method:mclp-pulp-cbc,scenario:radius-aggressive,method:mclp-pulp-cbc,4,candidate:osm:node:428839243,dz:nuts2024:DEB36,19,50,25.137,52945,0.013583,Selected-site zone trace for audit and portfolio explanation only; not investment advice or a site feasibility claim.,tile_smoke_optimization_zone_trace_not_investment_grade
scenario:radius-aggressive|method:mclp-pulp-cbc|candidate:osm:node:428839243|dz:nuts2024:DEB38,scenario:radius-aggressive|method:mclp-pulp-cbc,scenario:radius-aggressive,method:mclp-pulp-cbc,4,candidate:osm:node:428839243,dz:nuts2024:DEB38,20,50,17.671,49564,0.012716,Selected-site zone trace for audit and portfolio explanation only; not investment advice or a site feasibility claim.,tile_smoke_optimization_zone_trace_not_investment_grade
scenario:radius-aggressive|method:mclp-pulp-cbc|candidate:osm:node:428839243|dz:nuts2024:DEB33,scenario:radius-aggressive|method:mclp-pulp-cbc,scenario:radius-aggressive,method:mclp-pulp-cbc,4,candidate:osm:node:428839243,dz:nuts2024:DEB33,21,50,40.637,48209,0.012368,Selected-site zone trace for audit and portfolio explanation only; not investment advice or a site feasibility claim.,tile_smoke_optimization_zone_trace_not_investment_grade
scenario:radius-aggressive|method:mclp-pulp-cbc|candidate:osm:node:428839243|dz:nuts2024:DEB31,scenario:radius-aggressive|method:mclp-pulp-cbc,scenario:radius-aggressive,method:mclp-pulp-cbc,4,candidate:osm:node:428839243,dz:nuts2024:DEB31,22,50,6.761,48140,0.01235,Selected-site zone trace for audit and portfolio explanation only; not investment advice or a site feasibility claim.,tile_smoke_optimization_zone_trace_not_investment_grade
scenario:radius-aggressive|method:mclp-pulp-cbc|candidate:osm:node:359130093|dz:nuts2024:BE332,scenario:radius-aggressive|method:mclp-pulp-cbc,scenario:radius-aggressive,method:mclp-pulp-cbc,5,candidate:osm:node:359130093,dz:nuts2024:BE332,1,50,41.289,637220,0.181776,Selected-site zone trace for audit and portfolio explanation only; not investment advice or a site feasibility claim.,tile_smoke_optimization_zone_trace_not_investment_grade
scenario:radius-aggressive|method:mclp-pulp-cbc|candidate:osm:node:359130093|dz:nuts2024:BE242,scenario:radius-aggressive|method:mclp-pulp-cbc,scenario:radius-aggressive,method:mclp-pulp-cbc,5,candidate:osm:node:359130093,dz:nuts2024:BE242,2,50,24.413,530971,0.151467,Selected-site zone trace for audit and portfolio explanation only; not investment advice or a site feasibility claim.,tile_smoke_optimization_zone_trace_not_investment_grade
scenario:radius-aggressive|method:mclp-pulp-cbc|candidate:osm:node:359130093|dz:nuts2024:BE213,scenario:radius-aggressive|method:mclp-pulp-cbc,scenario:radius-aggressive,method:mclp-pulp-cbc,5,candidate:osm:node:359130093,dz:nuts2024:BE213,3,50,47.478,483806,0.138013,Selected-site zone trace for audit and portfolio explanation only; not investment advice or a site feasibility claim.,tile_smoke_optimization_zone_trace_not_investment_grade
scenario:radius-aggressive|method:mclp-pulp-cbc|candidate:osm:node:359130093|dz:nuts2024:BE224,scenario:radius-aggressive|method:mclp-pulp-cbc,scenario:radius-aggressive,method:mclp-pulp-cbc,5,candidate:osm:node:359130093,dz:nuts2024:BE224,4,50,11.04,436040,0.124387,Selected-site zone trace for audit and portfolio explanation only; not investment advice or a site feasibility claim.,tile_smoke_optimization_zone_trace_not_investment_grade
scenario:radius-aggressive|method:mclp-pulp-cbc|candidate:osm:node:359130093|dz:nuts2024:BE310,scenario:radius-aggressive|method:mclp-pulp-cbc,scenario:radius-aggressive,method:mclp-pulp-cbc,5,candidate:osm:node:359130093,dz:nuts2024:BE310,5,50,48.903,416504,0.118814,Selected-site zone trace for audit and portfolio explanation only; not investment advice or a site feasibility claim.,tile_smoke_optimization_zone_trace_not_investment_grade
scenario:radius-aggressive|method:mclp-pulp-cbc|candidate:osm:node:359130093|dz:nuts2024:BE352,scenario:radius-aggressive|method:mclp-pulp-cbc,scenario:radius-aggressive,method:mclp-pulp-cbc,5,candidate:osm:node:359130093,dz:nuts2024:BE352,6,50,49.26,326860,0.093242,Selected-site zone trace for audit and portfolio explanation only; not investment advice or a site feasibility claim.,tile_smoke_optimization_zone_trace_not_investment_grade
scenario:radius-aggressive|method:mclp-pulp-cbc|candidate:osm:node:359130093|dz:nuts2024:BE225,scenario:radius-aggressive|method:mclp-pulp-cbc,scenario:radius-aggressive,method:mclp-pulp-cbc,5,candidate:osm:node:359130093,dz:nuts2024:BE225,7,50,38.932,261761,0.074671,Selected-site zone trace for audit and portfolio explanation only; not investment advice or a site feasibility claim.,tile_smoke_optimization_zone_trace_not_investment_grade
scenario:radius-aggressive|method:mclp-pulp-cbc|candidate:osm:node:359130093|dz:nuts2024:BE223,scenario:radius-aggressive|method:mclp-pulp-cbc,scenario:radius-aggressive,method:mclp-pulp-cbc,5,candidate:osm:node:359130093,dz:nuts2024:BE223,8,50,26.864,211654,0.060377,Selected-site zone trace for audit and portfolio explanation only; not investment advice or a site feasibility claim.,tile_smoke_optimization_zone_trace_not_investment_grade
scenario:radius-aggressive|method:mclp-pulp-cbc|candidate:osm:node:359130093|dz:nuts2024:BE331,scenario:radius-aggressive|method:mclp-pulp-cbc,scenario:radius-aggressive,method:mclp-pulp-cbc,5,candidate:osm:node:359130093,dz:nuts2024:BE331,9,50,42.793,116478,0.033227,Selected-site zone trace for audit and portfolio explanation only; not investment advice or a site feasibility claim.,tile_smoke_optimization_zone_trace_not_investment_grade
scenario:radius-aggressive|method:mclp-pulp-cbc|candidate:osm:node:359130093|dz:nuts2024:BE334,scenario:radius-aggressive|method:mclp-pulp-cbc,scenario:radius-aggressive,method:mclp-pulp-cbc,5,candidate:osm:node:359130093,dz:nuts2024:BE334,10,50,21.664,84223,0.024026,Selected-site zone trace for audit and portfolio explanation only; not investment advice or a site feasibility claim.,tile_smoke_optimization_zone_trace_not_investment_grade
scenario:radius-aggressive|method:mclp-pulp-cbc|candidate:osm:node:435231982|dz:nuts2024:DE212,scenario:radius-aggressive|method:mclp-pulp-cbc,scenario:radius-aggressive,method:mclp-pulp-cbc,6,candidate:osm:node:435231982,dz:nuts2024:DE212,1,50,22.611,1505005,0.416138,Selected-site zone trace for audit and portfolio explanation only; not investment advice or a site feasibility claim.,tile_smoke_optimization_zone_trace_not_investment_grade
scenario:radius-aggressive|method:mclp-pulp-cbc|candidate:osm:node:435231982|dz:nuts2024:DE21H,scenario:radius-aggressive|method:mclp-pulp-cbc,scenario:radius-aggressive,method:mclp-pulp-cbc,6,candidate:osm:node:435231982,dz:nuts2024:DE21H,2,50,19.369,354396,0.097991,Selected-site zone trace for audit and portfolio explanation only; not investment advice or a site feasibility claim.,tile_smoke_optimization_zone_trace_not_investment_grade
scenario:radius-aggressive|method:mclp-pulp-cbc|candidate:osm:node:435231982|dz:nuts2024:DE21K,scenario:radius-aggressive|method:mclp-pulp-cbc,scenario:radius-aggressive,method:mclp-pulp-cbc,6,candidate:osm:node:435231982,dz:nuts2024:DE21K,3,50,40.755,258637,0.071514,Selected-site zone trace for audit and portfolio explanation only; not investment advice or a site feasibility claim.,tile_smoke_optimization_zone_trace_not_investment_grade
scenario:radius-aggressive|method:mclp-pulp-cbc|candidate:osm:node:435231982|dz:nuts2024:DE21C,scenario:radius-aggressive|method:mclp-pulp-cbc,scenario:radius-aggressive,method:mclp-pulp-cbc,6,candidate:osm:node:435231982,dz:nuts2024:DE21C,4,50,46.316,218227,0.06034,Selected-site zone trace for audit and portfolio explanation only; not investment advice or a site feasibility claim.,tile_smoke_optimization_zone_trace_not_investment_grade
scenario:radius-aggressive|method:mclp-pulp-cbc|candidate:osm:node:435231982|dz:nuts2024:DE21B,scenario:radius-aggressive|method:mclp-pulp-cbc,scenario:radius-aggressive,method:mclp-pulp-cbc,6,candidate:osm:node:435231982,dz:nuts2024:DE21B,5,50,29.318,184564,0.051032,Selected-site zone trace for audit and portfolio explanation only; not investment advice or a site feasibility claim.,tile_smoke_optimization_zone_trace_not_investment_grade
scenario:radius-aggressive|method:mclp-pulp-cbc|candidate:osm:node:435231982|dz:nuts2024:DE227,scenario:radius-aggressive|method:mclp-pulp-cbc,scenario:radius-aggressive,method:mclp-pulp-cbc,6,candidate:osm:node:435231982,dz:nuts2024:DE227,6,50,47.796,162170,0.04484,Selected-site zone trace for audit and portfolio explanation only; not investment advice or a site feasibility claim.,tile_smoke_optimization_zone_trace_not_investment_grade
scenario:radius-aggressive|method:mclp-pulp-cbc|candidate:osm:node:435231982|dz:nuts2024:DE217,scenario:radius-aggressive|method:mclp-pulp-cbc,scenario:radius-aggressive,method:mclp-pulp-cbc,6,candidate:osm:node:435231982,dz:nuts2024:DE217,7,50,40.086,153595,0.042469,Selected-site zone trace for audit and portfolio explanation only; not investment advice or a site feasibility claim.,tile_smoke_optimization_zone_trace_not_investment_grade
scenario:radius-aggressive|method:mclp-pulp-cbc|candidate:osm:node:435231982|dz:nuts2024:DE218,scenario:radius-aggressive|method:mclp-pulp-cbc,scenario:radius-aggressive,method:mclp-pulp-cbc,6,candidate:osm:node:435231982,dz:nuts2024:DE218,8,50,12.912,144225,0.039879,Selected-site zone trace for audit and portfolio explanation only; not investment advice or a site feasibility claim.,tile_smoke_optimization_zone_trace_not_investment_grade
scenario:radius-aggressive|method:mclp-pulp-cbc|candidate:osm:node:435231982|dz:nuts2024:DE21A,scenario:radius-aggressive|method:mclp-pulp-cbc,scenario:radius-aggressive,method:mclp-pulp-cbc,6,candidate:osm:node:435231982,dz:nuts2024:DE21A,9,50,15.8,140127,0.038745,Selected-site zone trace for audit and portfolio explanation only; not investment advice or a site feasibility claim.,tile_smoke_optimization_zone_trace_not_investment_grade
scenario:radius-aggressive|method:mclp-pulp-cbc|candidate:osm:node:435231982|dz:nuts2024:DE21L,scenario:radius-aggressive|method:mclp-pulp-cbc,scenario:radius-aggressive,method:mclp-pulp-cbc,6,candidate:osm:node:435231982,dz:nuts2024:DE21L,10,50,48.82,139329,0.038525,Selected-site zone trace for audit and portfolio explanation only; not investment advice or a site feasibility claim.,tile_smoke_optimization_zone_trace_not_investment_grade
scenario:radius-aggressive|method:mclp-pulp-cbc|candidate:osm:node:435231982|dz:nuts2024:DE21G,scenario:radius-aggressive|method:mclp-pulp-cbc,scenario:radius-aggressive,method:mclp-pulp-cbc,6,candidate:osm:node:435231982,dz:nuts2024:DE21G,11,50,36.522,122037,0.033744,Selected-site zone trace for audit and portfolio explanation only; not investment advice or a site feasibility claim.,tile_smoke_optimization_zone_trace_not_investment_grade
scenario:radius-aggressive|method:mclp-pulp-cbc|candidate:osm:node:435231982|dz:nuts2024:DE21F,scenario:radius-aggressive|method:mclp-pulp-cbc,scenario:radius-aggressive,method:mclp-pulp-cbc,6,candidate:osm:node:435231982,dz:nuts2024:DE21F,12,50,47.939,97152,0.026863,Selected-site zone trace for audit and portfolio explanation only; not investment advice or a site feasibility claim.,tile_smoke_optimization_zone_trace_not_investment_grade
scenario:radius-aggressive|method:mclp-pulp-cbc|candidate:osm:node:435231982|dz:nuts2024:DE221,scenario:radius-aggressive|method:mclp-pulp-cbc,scenario:radius-aggressive,method:mclp-pulp-cbc,6,candidate:osm:node:435231982,dz:nuts2024:DE221,13,50,44.762,71863,0.01987,Selected-site zone trace for audit and portfolio explanation only; not investment advice or a site feasibility claim.,tile_smoke_optimization_zone_trace_not_investment_grade
scenario:radius-aggressive|method:mclp-pulp-cbc|candidate:osm:node:435231982|dz:nuts2024:DE213,scenario:radius-aggressive|method:mclp-pulp-cbc,scenario:radius-aggressive,method:mclp-pulp-cbc,6,candidate:osm:node:435231982,dz:nuts2024:DE213,14,50,41.661,65274,0.018048,Selected-site zone trace for audit and portfolio explanation only; not investment advice or a site feasibility claim.,tile_smoke_optimization_zone_trace_not_investment_grade
scenario:radius-aggressive|method:mclp-pulp-cbc|candidate:osm:node:259042228|dz:nuts2024:DE141,scenario:radius-aggressive|method:mclp-pulp-cbc,scenario:radius-aggressive,method:mclp-pulp-cbc,7,candidate:osm:node:259042228,dz:nuts2024:DE141,1,50,41.776,293483,0.16531,Selected-site zone trace for audit and portfolio explanation only; not investment advice or a site feasibility claim.,tile_smoke_optimization_zone_trace_not_investment_grade
scenario:radius-aggressive|method:mclp-pulp-cbc|candidate:osm:node:259042228|dz:nuts2024:DE138,scenario:radius-aggressive|method:mclp-pulp-cbc,scenario:radius-aggressive,method:mclp-pulp-cbc,7,candidate:osm:node:259042228,dz:nuts2024:DE138,2,50,41.996,291841,0.164385,Selected-site zone trace for audit and portfolio explanation only; not investment advice or a site feasibility claim.,tile_smoke_optimization_zone_trace_not_investment_grade
scenario:radius-aggressive|method:mclp-pulp-cbc|candidate:osm:node:259042228|dz:nuts2024:DE148,scenario:radius-aggressive|method:mclp-pulp-cbc,scenario:radius-aggressive,method:mclp-pulp-cbc,7,candidate:osm:node:259042228,dz:nuts2024:DE148,3,50,42.621,291102,0.163969,Selected-site zone trace for audit and portfolio explanation only; not investment advice or a site feasibility claim.,tile_smoke_optimization_zone_trace_not_investment_grade
scenario:radius-aggressive|method:mclp-pulp-cbc|candidate:osm:node:259042228|dz:nuts2024:DE147,scenario:radius-aggressive|method:mclp-pulp-cbc,scenario:radius-aggressive,method:mclp-pulp-cbc,7,candidate:osm:node:259042228,dz:nuts2024:DE147,4,50,38.013,220804,0.124372,Selected-site zone trace for audit and portfolio explanation only; not investment advice or a site feasibility claim.,tile_smoke_optimization_zone_trace_not_investment_grade
scenario:radius-aggressive|method:mclp-pulp-cbc|candidate:osm:node:259042228|dz:nuts2024:DE146,scenario:radius-aggressive|method:mclp-pulp-cbc,scenario:radius-aggressive,method:mclp-pulp-cbc,7,candidate:osm:node:259042228,dz:nuts2024:DE146,5,50,31.958,207415,0.116831,Selected-site zone trace for audit and portfolio explanation only; not investment advice or a site feasibility claim.,tile_smoke_optimization_zone_trace_not_investment_grade
scenario:radius-aggressive|method:mclp-pulp-cbc|candidate:osm:node:259042228|dz:nuts2024:DE143,scenario:radius-aggressive|method:mclp-pulp-cbc,scenario:radius-aggressive,method:mclp-pulp-cbc,7,candidate:osm:node:259042228,dz:nuts2024:DE143,6,50,37.489,193326,0.108895,Selected-site zone trace for audit and portfolio explanation only; not investment advice or a site feasibility claim.,tile_smoke_optimization_zone_trace_not_investment_grade
scenario:radius-aggressive|method:mclp-pulp-cbc|candidate:osm:node:259042228|dz:nuts2024:DE137,scenario:radius-aggressive|method:mclp-pulp-cbc,scenario:radius-aggressive,method:mclp-pulp-cbc,7,candidate:osm:node:259042228,dz:nuts2024:DE137,7,50,38.458,145208,0.081791,Selected-site zone trace for audit and portfolio explanation only; not investment advice or a site feasibility claim.,tile_smoke_optimization_zone_trace_not_investment_grade
scenario:radius-aggressive|method:mclp-pulp-cbc|candidate:osm:node:259042228|dz:nuts2024:DE149,scenario:radius-aggressive|method:mclp-pulp-cbc,scenario:radius-aggressive,method:mclp-pulp-cbc,7,candidate:osm:node:259042228,dz:nuts2024:DE149,8,50,3.284,132167,0.074446,Selected-site zone trace for audit and portfolio explanation only; not investment advice or a site feasibility claim.,tile_smoke_optimization_zone_trace_not_investment_grade
scenario:radius-aggressive|method:mclp-pulp-cbc|candidate:osm:node:732712509|dz:nuts2024:DE11D,scenario:radius-aggressive|method:mclp-pulp-cbc,scenario:radius-aggressive,method:mclp-pulp-cbc,8,candidate:osm:node:732712509,dz:nuts2024:DE11D,1,50,41.987,317427,0.147294,Selected-site zone trace for audit and portfolio explanation only; not investment advice or a site feasibility claim.,tile_smoke_optimization_zone_trace_not_investment_grade
scenario:radius-aggressive|method:mclp-pulp-cbc|candidate:osm:node:732712509|dz:nuts2024:DE271,scenario:radius-aggressive|method:mclp-pulp-cbc,scenario:radius-aggressive,method:mclp-pulp-cbc,8,candidate:osm:node:732712509,dz:nuts2024:DE271,2,50,48.706,301105,0.13972,Selected-site zone trace for audit and portfolio explanation only; not investment advice or a site feasibility claim.,tile_smoke_optimization_zone_trace_not_investment_grade
scenario:radius-aggressive|method:mclp-pulp-cbc|candidate:osm:node:732712509|dz:nuts2024:DE276,scenario:radius-aggressive|method:mclp-pulp-cbc,scenario:radius-aggressive,method:mclp-pulp-cbc,8,candidate:osm:node:732712509,dz:nuts2024:DE276,3,50,38.739,262811,0.121951,Selected-site zone trace for audit and portfolio explanation only; not investment advice or a site feasibility claim.,tile_smoke_optimization_zone_trace_not_investment_grade
scenario:radius-aggressive|method:mclp-pulp-cbc|candidate:osm:node:732712509|dz:nuts2024:DE114,scenario:radius-aggressive|method:mclp-pulp-cbc,scenario:radius-aggressive,method:mclp-pulp-cbc,8,candidate:osm:node:732712509,dz:nuts2024:DE114,4,50,41.481,258809,0.120094,Selected-site zone trace for audit and portfolio explanation only; not investment advice or a site feasibility claim.,tile_smoke_optimization_zone_trace_not_investment_grade
scenario:radius-aggressive|method:mclp-pulp-cbc|candidate:osm:node:732712509|dz:nuts2024:DE145,scenario:radius-aggressive|method:mclp-pulp-cbc,scenario:radius-aggressive,method:mclp-pulp-cbc,8,candidate:osm:node:732712509,dz:nuts2024:DE145,5,50,36.384,202354,0.093897,Selected-site zone trace for audit and portfolio explanation only; not investment advice or a site feasibility claim.,tile_smoke_optimization_zone_trace_not_investment_grade
scenario:radius-aggressive|method:mclp-pulp-cbc|candidate:osm:node:732712509|dz:nuts2024:DE279,scenario:radius-aggressive|method:mclp-pulp-cbc,scenario:radius-aggressive,method:mclp-pulp-cbc,8,candidate:osm:node:732712509,dz:nuts2024:DE279,6,50,32.95,183595,0.085192,Selected-site zone trace for audit and portfolio explanation only; not investment advice or a site feasibility claim.,tile_smoke_optimization_zone_trace_not_investment_grade
scenario:radius-aggressive|method:mclp-pulp-cbc|candidate:osm:node:732712509|dz:nuts2024:DE11C,scenario:radius-aggressive|method:mclp-pulp-cbc,scenario:radius-aggressive,method:mclp-pulp-cbc,8,candidate:osm:node:732712509,dz:nuts2024:DE11C,7,50,10.769,135235,0.062752,Selected-site zone trace for audit and portfolio explanation only; not investment advice or a site feasibility claim.,tile_smoke_optimization_zone_trace_not_investment_grade
scenario:radius-aggressive|method:mclp-pulp-cbc|candidate:osm:node:732712509|dz:nuts2024:DE27D,scenario:radius-aggressive|method:mclp-pulp-cbc,scenario:radius-aggressive,method:mclp-pulp-cbc,8,candidate:osm:node:732712509,dz:nuts2024:DE27D,8,50,41.344,135098,0.062689,Selected-site zone trace for audit and portfolio explanation only; not investment advice or a site feasibility claim.,tile_smoke_optimization_zone_trace_not_investment_grade
scenario:radius-aggressive|method:mclp-pulp-cbc|candidate:osm:node:732712509|dz:nuts2024:DE144,scenario:radius-aggressive|method:mclp-pulp-cbc,scenario:radius-aggressive,method:mclp-pulp-cbc,8,candidate:osm:node:732712509,dz:nuts2024:DE144,9,50,31.127,129882,0.060268,Selected-site zone trace for audit and portfolio explanation only; not investment advice or a site feasibility claim.,tile_smoke_optimization_zone_trace_not_investment_grade
scenario:radius-aggressive|method:mclp-pulp-cbc|candidate:osm:node:732712509|dz:nuts2024:DE278,scenario:radius-aggressive|method:mclp-pulp-cbc,scenario:radius-aggressive,method:mclp-pulp-cbc,8,candidate:osm:node:732712509,dz:nuts2024:DE278,10,50,24.125,129846,0.060252,Selected-site zone trace for audit and portfolio explanation only; not investment advice or a site feasibility claim.,tile_smoke_optimization_zone_trace_not_investment_grade
scenario:radius-aggressive|method:mclp-pulp-cbc|candidate:osm:node:732712509|dz:nuts2024:DE277,scenario:radius-aggressive|method:mclp-pulp-cbc,scenario:radius-aggressive,method:mclp-pulp-cbc,8,candidate:osm:node:732712509,dz:nuts2024:DE277,11,50,18.227,98899,0.045892,Selected-site zone trace for audit and portfolio explanation only; not investment advice or a site feasibility claim.,tile_smoke_optimization_zone_trace_not_investment_grade
scenario:radius-aggressive|method:mclp-pulp-cbc|candidate:osm:node:266557353|dz:nuts2024:DE134,scenario:radius-aggressive|method:mclp-pulp-cbc,scenario:radius-aggressive,method:mclp-pulp-cbc,9,candidate:osm:node:266557353,dz:nuts2024:DE134,1,50,43.76,444858,0.235523,Selected-site zone trace for audit and portfolio explanation only; not investment advice or a site feasibility claim.,tile_smoke_optimization_zone_trace_not_investment_grade
scenario:radius-aggressive|method:mclp-pulp-cbc|candidate:osm:node:266557353|dz:nuts2024:DE132,scenario:radius-aggressive|method:mclp-pulp-cbc,scenario:radius-aggressive,method:mclp-pulp-cbc,9,candidate:osm:node:266557353,dz:nuts2024:DE132,2,50,14.8,272558,0.144302,Selected-site zone trace for audit and portfolio explanation only; not investment advice or a site feasibility claim.,tile_smoke_optimization_zone_trace_not_investment_grade
scenario:radius-aggressive|method:mclp-pulp-cbc|candidate:osm:node:266557353|dz:nuts2024:DE139,scenario:radius-aggressive|method:mclp-pulp-cbc,scenario:radius-aggressive,method:mclp-pulp-cbc,9,candidate:osm:node:266557353,dz:nuts2024:DE139,3,50,40.285,238263,0.126145,Selected-site zone trace for audit and portfolio explanation only; not investment advice or a site feasibility claim.,tile_smoke_optimization_zone_trace_not_investment_grade
scenario:radius-aggressive|method:mclp-pulp-cbc|candidate:osm:node:266557353|dz:nuts2024:DE131,scenario:radius-aggressive|method:mclp-pulp-cbc,scenario:radius-aggressive,method:mclp-pulp-cbc,9,candidate:osm:node:266557353,dz:nuts2024:DE131,4,50,9.329,237460,0.12572,Selected-site zone trace for audit and portfolio explanation only; not investment advice or a site feasibility claim.,tile_smoke_optimization_zone_trace_not_investment_grade
scenario:radius-aggressive|method:mclp-pulp-cbc|candidate:osm:node:266557353|dz:nuts2024:DE136,scenario:radius-aggressive|method:mclp-pulp-cbc,scenario:radius-aggressive,method:mclp-pulp-cbc,9,candidate:osm:node:266557353,dz:nuts2024:DE136,5,50,35.571,214065,0.113333,Selected-site zone trace for audit and portfolio explanation only; not investment advice or a site feasibility claim.,tile_smoke_optimization_zone_trace_not_investment_grade
scenario:radius-aggressive|method:mclp-pulp-cbc|candidate:osm:node:266557353|dz:nuts2024:DE13A,scenario:radius-aggressive|method:mclp-pulp-cbc,scenario:radius-aggressive,method:mclp-pulp-cbc,9,candidate:osm:node:266557353,dz:nuts2024:DE13A,6,50,45.922,171579,0.09084,Selected-site zone trace for audit and portfolio explanation only; not investment advice or a site feasibility claim.,tile_smoke_optimization_zone_trace_not_investment_grade
scenario:radius-aggressive|method:mclp-pulp-cbc|candidate:osm:node:266557353|dz:nuts2024:DE133,scenario:radius-aggressive|method:mclp-pulp-cbc,scenario:radius-aggressive,method:mclp-pulp-cbc,9,candidate:osm:node:266557353,dz:nuts2024:DE133,7,50,9.378,169787,0.089891,Selected-site zone trace for audit and portfolio explanation only; not investment advice or a site feasibility claim.,tile_smoke_optimization_zone_trace_not_investment_grade
scenario:radius-aggressive|method:mclp-pulp-cbc|candidate:osm:node:266557353|dz:nuts2024:DE135,scenario:radius-aggressive|method:mclp-pulp-cbc,scenario:radius-aggressive,method:mclp-pulp-cbc,9,candidate:osm:node:266557353,dz:nuts2024:DE135,8,50,48.1,140237,0.074246,Selected-site zone trace for audit and portfolio explanation only; not investment advice or a site feasibility claim.,tile_smoke_optimization_zone_trace_not_investment_grade
scenario:radius-aggressive|method:mclp-pulp-cbc|candidate:osm:way:370170888|dz:nuts2024:DE254,scenario:radius-aggressive|method:mclp-pulp-cbc,scenario:radius-aggressive,method:mclp-pulp-cbc,10,candidate:osm:way:370170888,dz:nuts2024:DE254,1,50,48.332,529508,0.338258,Selected-site zone trace for audit and portfolio explanation only; not investment advice or a site feasibility claim.,tile_smoke_optimization_zone_trace_not_investment_grade
scenario:radius-aggressive|method:mclp-pulp-cbc|candidate:osm:way:370170888|dz:nuts2024:DE211,scenario:radius-aggressive|method:mclp-pulp-cbc,scenario:radius-aggressive,method:mclp-pulp-cbc,10,candidate:osm:way:370170888,dz:nuts2024:DE211,2,50,32.105,141185,0.090191,Selected-site zone trace for audit and portfolio explanation only; not investment advice or a site feasibility claim.,tile_smoke_optimization_zone_trace_not_investment_grade
scenario:radius-aggressive|method:mclp-pulp-cbc|candidate:osm:way:370170888|dz:nuts2024:DE236,scenario:radius-aggressive|method:mclp-pulp-cbc,scenario:radius-aggressive,method:mclp-pulp-cbc,10,candidate:osm:way:370170888,dz:nuts2024:DE236,3,50,23.596,138693,0.088599,Selected-site zone trace for audit and portfolio explanation only; not investment advice or a site feasibility claim.,tile_smoke_optimization_zone_trace_not_investment_grade
scenario:radius-aggressive|method:mclp-pulp-cbc|candidate:osm:way:370170888|dz:nuts2024:DE219,scenario:radius-aggressive|method:mclp-pulp-cbc,scenario:radius-aggressive,method:mclp-pulp-cbc,10,candidate:osm:way:370170888,dz:nuts2024:DE219,4,50,14.469,135668,0.086667,Selected-site zone trace for audit and portfolio explanation only; not investment advice or a site feasibility claim.,tile_smoke_optimization_zone_trace_not_investment_grade
scenario:radius-aggressive|method:mclp-pulp-cbc|candidate:osm:way:370170888|dz:nuts2024:DE21J,scenario:radius-aggressive|method:mclp-pulp-cbc,scenario:radius-aggressive,method:mclp-pulp-cbc,10,candidate:osm:way:370170888,dz:nuts2024:DE21J,5,50,48.161,130781,0.083545,Selected-site zone trace for audit and portfolio explanation only; not investment advice or a site feasibility claim.,tile_smoke_optimization_zone_trace_not_investment_grade
scenario:radius-aggressive|method:mclp-pulp-cbc|candidate:osm:way:370170888|dz:nuts2024:DE25B,scenario:radius-aggressive|method:mclp-pulp-cbc,scenario:radius-aggressive,method:mclp-pulp-cbc,10,candidate:osm:way:370170888,dz:nuts2024:DE25B,6,50,24.947,128632,0.082172,Selected-site zone trace for audit and portfolio explanation only; not investment advice or a site feasibility claim.,tile_smoke_optimization_zone_trace_not_investment_grade
scenario:radius-aggressive|method:mclp-pulp-cbc|candidate:osm:way:370170888|dz:nuts2024:DE226,scenario:radius-aggressive|method:mclp-pulp-cbc,scenario:radius-aggressive,method:mclp-pulp-cbc,10,candidate:osm:way:370170888,dz:nuts2024:DE226,7,50,45.381,126037,0.080514,Selected-site zone trace for audit and portfolio explanation only; not investment advice or a site feasibility claim.,tile_smoke_optimization_zone_trace_not_investment_grade
scenario:radius-aggressive|method:mclp-pulp-cbc|candidate:osm:way:370170888|dz:nuts2024:DE21I,scenario:radius-aggressive|method:mclp-pulp-cbc,scenario:radius-aggressive,method:mclp-pulp-cbc,10,candidate:osm:way:370170888,dz:nuts2024:DE21I,8,50,44.762,99364,0.063475,Selected-site zone trace for audit and portfolio explanation only; not investment advice or a site feasibility claim.,tile_smoke_optimization_zone_trace_not_investment_grade
scenario:radius-aggressive|method:mclp-pulp-cbc|candidate:osm:way:370170888|dz:nuts2024:DE25C,scenario:radius-aggressive|method:mclp-pulp-cbc,scenario:radius-aggressive,method:mclp-pulp-cbc,10,candidate:osm:way:370170888,dz:nuts2024:DE25C,9,50,31.517,94695,0.060493,Selected-site zone trace for audit and portfolio explanation only; not investment advice or a site feasibility claim.,tile_smoke_optimization_zone_trace_not_investment_grade
scenario:radius-aggressive|method:mclp-pulp-cbc|candidate:osm:way:370170888|dz:nuts2024:DE255,scenario:radius-aggressive|method:mclp-pulp-cbc,scenario:radius-aggressive,method:mclp-pulp-cbc,10,candidate:osm:way:370170888,dz:nuts2024:DE255,10,50,40.55,40835,0.026086,Selected-site zone trace for audit and portfolio explanation only; not investment advice or a site feasibility claim.,tile_smoke_optimization_zone_trace_not_investment_grade
scenario:radius-aggressive|method:mclp-shortlist-exact|candidate:osm:node:25213823|dz:nuts2024:FR101,scenario:radius-aggressive|method:mclp-shortlist-exact,scenario:radius-aggressive,method:mclp-shortlist-exact,1,candidate:osm:node:25213823,dz:nuts2024:FR101,1,50,6.017,2065560,0.164596,Selected-site zone trace for audit and portfolio explanation only; not investment advice or a site feasibility claim.,tile_smoke_optimization_zone_trace_not_investment_grade
scenario:radius-aggressive|method:mclp-shortlist-exact|candidate:osm:node:25213823|dz:nuts2024:FR106,scenario:radius-aggressive|method:mclp-shortlist-exact,scenario:radius-aggressive,method:mclp-shortlist-exact,1,candidate:osm:node:25213823,dz:nuts2024:FR106,2,50,9.552,1731789,0.137999,Selected-site zone trace for audit and portfolio explanation only; not investment advice or a site feasibility claim.,tile_smoke_optimization_zone_trace_not_investment_grade
scenario:radius-aggressive|method:mclp-shortlist-exact|candidate:osm:node:25213823|dz:nuts2024:FR105,scenario:radius-aggressive|method:mclp-shortlist-exact,scenario:radius-aggressive,method:mclp-shortlist-exact,1,candidate:osm:node:25213823,dz:nuts2024:FR105,3,50,12.163,1668275,0.132938,Selected-site zone trace for audit and portfolio explanation only; not investment advice or a site feasibility claim.,tile_smoke_optimization_zone_trace_not_investment_grade
scenario:radius-aggressive|method:mclp-shortlist-exact|candidate:osm:node:25213823|dz:nuts2024:FR103,scenario:radius-aggressive|method:mclp-shortlist-exact,scenario:radius-aggressive,method:mclp-shortlist-exact,1,candidate:osm:node:25213823,dz:nuts2024:FR103,4,50,40.996,1504565,0.119892,Selected-site zone trace for audit and portfolio explanation only; not investment advice or a site feasibility claim.,tile_smoke_optimization_zone_trace_not_investment_grade
scenario:radius-aggressive|method:mclp-shortlist-exact|candidate:osm:node:25213823|dz:nuts2024:FR102,scenario:radius-aggressive|method:mclp-shortlist-exact,scenario:radius-aggressive,method:mclp-shortlist-exact,1,candidate:osm:node:25213823,dz:nuts2024:FR102,5,50,47.153,1490900,0.118804,Selected-site zone trace for audit and portfolio explanation only; not investment advice or a site feasibility claim.,tile_smoke_optimization_zone_trace_not_investment_grade
scenario:radius-aggressive|method:mclp-shortlist-exact|candidate:osm:node:25213823|dz:nuts2024:FR107,scenario:radius-aggressive|method:mclp-shortlist-exact,scenario:radius-aggressive,method:mclp-shortlist-exact,1,candidate:osm:node:25213823,dz:nuts2024:FR107,6,50,7.085,1434875,0.114339,Selected-site zone trace for audit and portfolio explanation only; not investment advice or a site feasibility claim.,tile_smoke_optimization_zone_trace_not_investment_grade
scenario:radius-aggressive|method:mclp-shortlist-exact|candidate:osm:node:25213823|dz:nuts2024:FR104,scenario:radius-aggressive|method:mclp-shortlist-exact,scenario:radius-aggressive,method:mclp-shortlist-exact,1,candidate:osm:node:25213823,dz:nuts2024:FR104,7,50,34.792,1356114,0.108063,Selected-site zone trace for audit and portfolio explanation only; not investment advice or a site feasibility claim.,tile_smoke_optimization_zone_trace_not_investment_grade
scenario:radius-aggressive|method:mclp-shortlist-exact|candidate:osm:node:25213823|dz:nuts2024:FR108,scenario:radius-aggressive|method:mclp-shortlist-exact,scenario:radius-aggressive,method:mclp-shortlist-exact,1,candidate:osm:node:25213823,dz:nuts2024:FR108,8,50,35.313,1297210,0.103369,Selected-site zone trace for audit and portfolio explanation only; not investment advice or a site feasibility claim.,tile_smoke_optimization_zone_trace_not_investment_grade
scenario:radius-aggressive|method:min-cost-coverage-pulp|candidate:osm:node:25213823|dz:nuts2024:FR101,scenario:radius-aggressive|method:min-cost-coverage-pulp,scenario:radius-aggressive,method:min-cost-coverage-pulp,1,candidate:osm:node:25213823,dz:nuts2024:FR101,1,50,6.017,2065560,0.164596,Selected-site zone trace for audit and portfolio explanation only; not investment advice or a site feasibility claim.,tile_smoke_optimization_zone_trace_not_investment_grade
scenario:radius-aggressive|method:min-cost-coverage-pulp|candidate:osm:node:25213823|dz:nuts2024:FR106,scenario:radius-aggressive|method:min-cost-coverage-pulp,scenario:radius-aggressive,method:min-cost-coverage-pulp,1,candidate:osm:node:25213823,dz:nuts2024:FR106,2,50,9.552,1731789,0.137999,Selected-site zone trace for audit and portfolio explanation only; not investment advice or a site feasibility claim.,tile_smoke_optimization_zone_trace_not_investment_grade
scenario:radius-aggressive|method:min-cost-coverage-pulp|candidate:osm:node:25213823|dz:nuts2024:FR105,scenario:radius-aggressive|method:min-cost-coverage-pulp,scenario:radius-aggressive,method:min-cost-coverage-pulp,1,candidate:osm:node:25213823,dz:nuts2024:FR105,3,50,12.163,1668275,0.132938,Selected-site zone trace for audit and portfolio explanation only; not investment advice or a site feasibility claim.,tile_smoke_optimization_zone_trace_not_investment_grade
scenario:radius-aggressive|method:min-cost-coverage-pulp|candidate:osm:node:25213823|dz:nuts2024:FR103,scenario:radius-aggressive|method:min-cost-coverage-pulp,scenario:radius-aggressive,method:min-cost-coverage-pulp,1,candidate:osm:node:25213823,dz:nuts2024:FR103,4,50,40.996,1504565,0.119892,Selected-site zone trace for audit and portfolio explanation only; not investment advice or a site feasibility claim.,tile_smoke_optimization_zone_trace_not_investment_grade
scenario:radius-aggressive|method:min-cost-coverage-pulp|candidate:osm:node:25213823|dz:nuts2024:FR102,scenario:radius-aggressive|method:min-cost-coverage-pulp,scenario:radius-aggressive,method:min-cost-coverage-pulp,1,candidate:osm:node:25213823,dz:nuts2024:FR102,5,50,47.153,1490900,0.118804,Selected-site zone trace for audit and portfolio explanation only; not investment advice or a site feasibility claim.,tile_smoke_optimization_zone_trace_not_investment_grade
scenario:radius-aggressive|method:min-cost-coverage-pulp|candidate:osm:node:25213823|dz:nuts2024:FR107,scenario:radius-aggressive|method:min-cost-coverage-pulp,scenario:radius-aggressive,method:min-cost-coverage-pulp,1,candidate:osm:node:25213823,dz:nuts2024:FR107,6,50,7.085,1434875,0.114339,Selected-site zone trace for audit and portfolio explanation only; not investment advice or a site feasibility claim.,tile_smoke_optimization_zone_trace_not_investment_grade
scenario:radius-aggressive|method:min-cost-coverage-pulp|candidate:osm:node:25213823|dz:nuts2024:FR104,scenario:radius-aggressive|method:min-cost-coverage-pulp,scenario:radius-aggressive,method:min-cost-coverage-pulp,1,candidate:osm:node:25213823,dz:nuts2024:FR104,7,50,34.792,1356114,0.108063,Selected-site zone trace for audit and portfolio explanation only; not investment advice or a site feasibility claim.,tile_smoke_optimization_zone_trace_not_investment_grade
scenario:radius-aggressive|method:min-cost-coverage-pulp|candidate:osm:node:25213823|dz:nuts2024:FR108,scenario:radius-aggressive|method:min-cost-coverage-pulp,scenario:radius-aggressive,method:min-cost-coverage-pulp,1,candidate:osm:node:25213823,dz:nuts2024:FR108,8,50,35.313,1297210,0.103369,Selected-site zone trace for audit and portfolio explanation only; not investment advice or a site feasibility claim.,tile_smoke_optimization_zone_trace_not_investment_grade
scenario:radius-base|method:baseline-topk|candidate:osm:node:25214653|dz:nuts2024:FR101,scenario:radius-base|method:baseline-topk,scenario:radius-base,method:baseline-topk,1,candidate:osm:node:25214653,dz:nuts2024:FR101,1,30,3.147,2065560,0.251968,Selected-site zone trace for audit and portfolio explanation only; not investment advice or a site feasibility claim.,tile_smoke_optimization_zone_trace_not_investment_grade
scenario:radius-base|method:baseline-topk|candidate:osm:node:25214653|dz:nuts2024:FR106,scenario:radius-base|method:baseline-topk,scenario:radius-base,method:baseline-topk,1,candidate:osm:node:25214653,dz:nuts2024:FR106,2,30,6.071,1731789,0.211253,Selected-site zone trace for audit and portfolio explanation only; not investment advice or a site feasibility claim.,tile_smoke_optimization_zone_trace_not_investment_grade
scenario:radius-base|method:baseline-topk|candidate:osm:node:25214653|dz:nuts2024:FR105,scenario:radius-base|method:baseline-topk,scenario:radius-base,method:baseline-topk,1,candidate:osm:node:25214653,dz:nuts2024:FR105,3,30,9.749,1668275,0.203505,Selected-site zone trace for audit and portfolio explanation only; not investment advice or a site feasibility claim.,tile_smoke_optimization_zone_trace_not_investment_grade
scenario:radius-base|method:baseline-topk|candidate:osm:node:25214653|dz:nuts2024:FR107,scenario:radius-base|method:baseline-topk,scenario:radius-base,method:baseline-topk,1,candidate:osm:node:25214653,dz:nuts2024:FR107,4,30,13.704,1434875,0.175034,Selected-site zone trace for audit and portfolio explanation only; not investment advice or a site feasibility claim.,tile_smoke_optimization_zone_trace_not_investment_grade
scenario:radius-base|method:baseline-topk|candidate:osm:node:25214653|dz:nuts2024:FR108,scenario:radius-base|method:baseline-topk,scenario:radius-base,method:baseline-topk,1,candidate:osm:node:25214653,dz:nuts2024:FR108,5,30,28.966,1297210,0.158241,Selected-site zone trace for audit and portfolio explanation only; not investment advice or a site feasibility claim.,tile_smoke_optimization_zone_trace_not_investment_grade
scenario:radius-base|method:baseline-topk|candidate:osm:node:309654919|dz:nuts2024:FR101,scenario:radius-base|method:baseline-topk,scenario:radius-base,method:baseline-topk,2,candidate:osm:node:309654919,dz:nuts2024:FR101,1,30,3.143,2065560,0.251968,Selected-site zone trace for audit and portfolio explanation only; not investment advice or a site feasibility claim.,tile_smoke_optimization_zone_trace_not_investment_grade
scenario:radius-base|method:baseline-topk|candidate:osm:node:309654919|dz:nuts2024:FR106,scenario:radius-base|method:baseline-topk,scenario:radius-base,method:baseline-topk,2,candidate:osm:node:309654919,dz:nuts2024:FR106,2,30,12.187,1731789,0.211253,Selected-site zone trace for audit and portfolio explanation only; not investment advice or a site feasibility claim.,tile_smoke_optimization_zone_trace_not_investment_grade
scenario:radius-base|method:baseline-topk|candidate:osm:node:309654919|dz:nuts2024:FR105,scenario:radius-base|method:baseline-topk,scenario:radius-base,method:baseline-topk,2,candidate:osm:node:309654919,dz:nuts2024:FR105,3,30,4.216,1668275,0.203505,Selected-site zone trace for audit and portfolio explanation only; not investment advice or a site feasibility claim.,tile_smoke_optimization_zone_trace_not_investment_grade
scenario:radius-base|method:baseline-topk|candidate:osm:node:309654919|dz:nuts2024:FR107,scenario:radius-base|method:baseline-topk,scenario:radius-base,method:baseline-topk,2,candidate:osm:node:309654919,dz:nuts2024:FR107,4,30,14.116,1434875,0.175034,Selected-site zone trace for audit and portfolio explanation only; not investment advice or a site feasibility claim.,tile_smoke_optimization_zone_trace_not_investment_grade
scenario:radius-base|method:baseline-topk|candidate:osm:node:309654919|dz:nuts2024:FR108,scenario:radius-base|method:baseline-topk,scenario:radius-base,method:baseline-topk,2,candidate:osm:node:309654919,dz:nuts2024:FR108,5,30,28.894,1297210,0.158241,Selected-site zone trace for audit and portfolio explanation only; not investment advice or a site feasibility claim.,tile_smoke_optimization_zone_trace_not_investment_grade
scenario:radius-base|method:baseline-topk|candidate:osm:node:320203219|dz:nuts2024:FR101,scenario:radius-base|method:baseline-topk,scenario:radius-base,method:baseline-topk,3,candidate:osm:node:320203219,dz:nuts2024:FR101,1,30,5.143,2065560,0.251968,Selected-site zone trace for audit and portfolio explanation only; not investment advice or a site feasibility claim.,tile_smoke_optimization_zone_trace_not_investment_grade
scenario:radius-base|method:baseline-topk|candidate:osm:node:320203219|dz:nuts2024:FR106,scenario:radius-base|method:baseline-topk,scenario:radius-base,method:baseline-topk,3,candidate:osm:node:320203219,dz:nuts2024:FR106,2,30,5.068,1731789,0.211253,Selected-site zone trace for audit and portfolio explanation only; not investment advice or a site feasibility claim.,tile_smoke_optimization_zone_trace_not_investment_grade
scenario:radius-base|method:baseline-topk|candidate:osm:node:320203219|dz:nuts2024:FR105,scenario:radius-base|method:baseline-topk,scenario:radius-base,method:baseline-topk,3,candidate:osm:node:320203219,dz:nuts2024:FR105,3,30,10.899,1668275,0.203505,Selected-site zone trace for audit and portfolio explanation only; not investment advice or a site feasibility claim.,tile_smoke_optimization_zone_trace_not_investment_grade
scenario:radius-base|method:baseline-topk|candidate:osm:node:320203219|dz:nuts2024:FR107,scenario:radius-base|method:baseline-topk,scenario:radius-base,method:baseline-topk,3,candidate:osm:node:320203219,dz:nuts2024:FR107,4,30,15.651,1434875,0.175034,Selected-site zone trace for audit and portfolio explanation only; not investment advice or a site feasibility claim.,tile_smoke_optimization_zone_trace_not_investment_grade
scenario:radius-base|method:baseline-topk|candidate:osm:node:320203219|dz:nuts2024:FR108,scenario:radius-base|method:baseline-topk,scenario:radius-base,method:baseline-topk,3,candidate:osm:node:320203219,dz:nuts2024:FR108,5,30,27.513,1297210,0.158241,Selected-site zone trace for audit and portfolio explanation only; not investment advice or a site feasibility claim.,tile_smoke_optimization_zone_trace_not_investment_grade
scenario:radius-base|method:baseline-topk|candidate:osm:node:255003455|dz:nuts2024:FR101,scenario:radius-base|method:baseline-topk,scenario:radius-base,method:baseline-topk,4,candidate:osm:node:255003455,dz:nuts2024:FR101,1,30,5.998,2065560,0.251968,Selected-site zone trace for audit and portfolio explanation only; not investment advice or a site feasibility claim.,tile_smoke_optimization_zone_trace_not_investment_grade
scenario:radius-base|method:baseline-topk|candidate:osm:node:255003455|dz:nuts2024:FR106,scenario:radius-base|method:baseline-topk,scenario:radius-base,method:baseline-topk,4,candidate:osm:node:255003455,dz:nuts2024:FR106,2,30,12.81,1731789,0.211253,Selected-site zone trace for audit and portfolio explanation only; not investment advice or a site feasibility claim.,tile_smoke_optimization_zone_trace_not_investment_grade
scenario:radius-base|method:baseline-topk|candidate:osm:node:255003455|dz:nuts2024:FR105,scenario:radius-base|method:baseline-topk,scenario:radius-base,method:baseline-topk,4,candidate:osm:node:255003455,dz:nuts2024:FR105,3,30,4.223,1668275,0.203505,Selected-site zone trace for audit and portfolio explanation only; not investment advice or a site feasibility claim.,tile_smoke_optimization_zone_trace_not_investment_grade
scenario:radius-base|method:baseline-topk|candidate:osm:node:255003455|dz:nuts2024:FR107,scenario:radius-base|method:baseline-topk,scenario:radius-base,method:baseline-topk,4,candidate:osm:node:255003455,dz:nuts2024:FR107,4,30,18.577,1434875,0.175034,Selected-site zone trace for audit and portfolio explanation only; not investment advice or a site feasibility claim.,tile_smoke_optimization_zone_trace_not_investment_grade
scenario:radius-base|method:baseline-topk|candidate:osm:node:255003455|dz:nuts2024:FR108,scenario:radius-base|method:baseline-topk,scenario:radius-base,method:baseline-topk,4,candidate:osm:node:255003455,dz:nuts2024:FR108,5,30,24.169,1297210,0.158241,Selected-site zone trace for audit and portfolio explanation only; not investment advice or a site feasibility claim.,tile_smoke_optimization_zone_trace_not_investment_grade
scenario:radius-base|method:baseline-topk|candidate:osm:node:259284911|dz:nuts2024:FR101,scenario:radius-base|method:baseline-topk,scenario:radius-base,method:baseline-topk,5,candidate:osm:node:259284911,dz:nuts2024:FR101,1,30,4.264,2065560,0.251968,Selected-site zone trace for audit and portfolio explanation only; not investment advice or a site feasibility claim.,tile_smoke_optimization_zone_trace_not_investment_grade
scenario:radius-base|method:baseline-topk|candidate:osm:node:259284911|dz:nuts2024:FR106,scenario:radius-base|method:baseline-topk,scenario:radius-base,method:baseline-topk,5,candidate:osm:node:259284911,dz:nuts2024:FR106,2,30,13.36,1731789,0.211253,Selected-site zone trace for audit and portfolio explanation only; not investment advice or a site feasibility claim.,tile_smoke_optimization_zone_trace_not_investment_grade
scenario:radius-base|method:baseline-topk|candidate:osm:node:259284911|dz:nuts2024:FR105,scenario:radius-base|method:baseline-topk,scenario:radius-base,method:baseline-topk,5,candidate:osm:node:259284911,dz:nuts2024:FR105,3,30,3.627,1668275,0.203505,Selected-site zone trace for audit and portfolio explanation only; not investment advice or a site feasibility claim.,tile_smoke_optimization_zone_trace_not_investment_grade
scenario:radius-base|method:baseline-topk|candidate:osm:node:259284911|dz:nuts2024:FR107,scenario:radius-base|method:baseline-topk,scenario:radius-base,method:baseline-topk,5,candidate:osm:node:259284911,dz:nuts2024:FR107,4,30,14.224,1434875,0.175034,Selected-site zone trace for audit and portfolio explanation only; not investment advice or a site feasibility claim.,tile_smoke_optimization_zone_trace_not_investment_grade
scenario:radius-base|method:baseline-topk|candidate:osm:node:259284911|dz:nuts2024:FR108,scenario:radius-base|method:baseline-topk,scenario:radius-base,method:baseline-topk,5,candidate:osm:node:259284911,dz:nuts2024:FR108,5,30,29.317,1297210,0.158241,Selected-site zone trace for audit and portfolio explanation only; not investment advice or a site feasibility claim.,tile_smoke_optimization_zone_trace_not_investment_grade
scenario:radius-base|method:baseline-topk|candidate:osm:node:262276013|dz:nuts2024:FR101,scenario:radius-base|method:baseline-topk,scenario:radius-base,method:baseline-topk,6,candidate:osm:node:262276013,dz:nuts2024:FR101,1,30,2.051,2065560,0.251968,Selected-site zone trace for audit and portfolio explanation only; not investment advice or a site feasibility claim.,tile_smoke_optimization_zone_trace_not_investment_grade
scenario:radius-base|method:baseline-topk|candidate:osm:node:262276013|dz:nuts2024:FR106,scenario:radius-base|method:baseline-topk,scenario:radius-base,method:baseline-topk,6,candidate:osm:node:262276013,dz:nuts2024:FR106,2,30,10.781,1731789,0.211253,Selected-site zone trace for audit and portfolio explanation only; not investment advice or a site feasibility claim.,tile_smoke_optimization_zone_trace_not_investment_grade
scenario:radius-base|method:baseline-topk|candidate:osm:node:262276013|dz:nuts2024:FR105,scenario:radius-base|method:baseline-topk,scenario:radius-base,method:baseline-topk,6,candidate:osm:node:262276013,dz:nuts2024:FR105,3,30,5.154,1668275,0.203505,Selected-site zone trace for audit and portfolio explanation only; not investment advice or a site feasibility claim.,tile_smoke_optimization_zone_trace_not_investment_grade
scenario:radius-base|method:baseline-topk|candidate:osm:node:262276013|dz:nuts2024:FR107,scenario:radius-base|method:baseline-topk,scenario:radius-base,method:baseline-topk,6,candidate:osm:node:262276013,dz:nuts2024:FR107,4,30,14.323,1434875,0.175034,Selected-site zone trace for audit and portfolio explanation only; not investment advice or a site feasibility claim.,tile_smoke_optimization_zone_trace_not_investment_grade
scenario:radius-base|method:baseline-topk|candidate:osm:node:262276013|dz:nuts2024:FR108,scenario:radius-base|method:baseline-topk,scenario:radius-base,method:baseline-topk,6,candidate:osm:node:262276013,dz:nuts2024:FR108,5,30,28.238,1297210,0.158241,Selected-site zone trace for audit and portfolio explanation only; not investment advice or a site feasibility claim.,tile_smoke_optimization_zone_trace_not_investment_grade
scenario:radius-base|method:baseline-topk|candidate:osm:node:267652178|dz:nuts2024:FR101,scenario:radius-base|method:baseline-topk,scenario:radius-base,method:baseline-topk,7,candidate:osm:node:267652178,dz:nuts2024:FR101,1,30,4.385,2065560,0.251968,Selected-site zone trace for audit and portfolio explanation only; not investment advice or a site feasibility claim.,tile_smoke_optimization_zone_trace_not_investment_grade
scenario:radius-base|method:baseline-topk|candidate:osm:node:267652178|dz:nuts2024:FR106,scenario:radius-base|method:baseline-topk,scenario:radius-base,method:baseline-topk,7,candidate:osm:node:267652178,dz:nuts2024:FR106,2,30,12.763,1731789,0.211253,Selected-site zone trace for audit and portfolio explanation only; not investment advice or a site feasibility claim.,tile_smoke_optimization_zone_trace_not_investment_grade
scenario:radius-base|method:baseline-topk|candidate:osm:node:267652178|dz:nuts2024:FR105,scenario:radius-base|method:baseline-topk,scenario:radius-base,method:baseline-topk,7,candidate:osm:node:267652178,dz:nuts2024:FR105,3,30,2.985,1668275,0.203505,Selected-site zone trace for audit and portfolio explanation only; not investment advice or a site feasibility claim.,tile_smoke_optimization_zone_trace_not_investment_grade
scenario:radius-base|method:baseline-topk|candidate:osm:node:267652178|dz:nuts2024:FR107,scenario:radius-base|method:baseline-topk,scenario:radius-base,method:baseline-topk,7,candidate:osm:node:267652178,dz:nuts2024:FR107,4,30,16.205,1434875,0.175034,Selected-site zone trace for audit and portfolio explanation only; not investment advice or a site feasibility claim.,tile_smoke_optimization_zone_trace_not_investment_grade
scenario:radius-base|method:baseline-topk|candidate:osm:node:267652178|dz:nuts2024:FR108,scenario:radius-base|method:baseline-topk,scenario:radius-base,method:baseline-topk,7,candidate:osm:node:267652178,dz:nuts2024:FR108,5,30,26.857,1297210,0.158241,Selected-site zone trace for audit and portfolio explanation only; not investment advice or a site feasibility claim.,tile_smoke_optimization_zone_trace_not_investment_grade
scenario:radius-base|method:baseline-topk|candidate:osm:node:307372951|dz:nuts2024:FR101,scenario:radius-base|method:baseline-topk,scenario:radius-base,method:baseline-topk,8,candidate:osm:node:307372951,dz:nuts2024:FR101,1,30,0.28,2065560,0.251968,Selected-site zone trace for audit and portfolio explanation only; not investment advice or a site feasibility claim.,tile_smoke_optimization_zone_trace_not_investment_grade
scenario:radius-base|method:baseline-topk|candidate:osm:node:307372951|dz:nuts2024:FR106,scenario:radius-base|method:baseline-topk,scenario:radius-base,method:baseline-topk,8,candidate:osm:node:307372951,dz:nuts2024:FR106,2,30,9.037,1731789,0.211253,Selected-site zone trace for audit and portfolio explanation only; not investment advice or a site feasibility claim.,tile_smoke_optimization_zone_trace_not_investment_grade
scenario:radius-base|method:baseline-topk|candidate:osm:node:307372951|dz:nuts2024:FR105,scenario:radius-base|method:baseline-topk,scenario:radius-base,method:baseline-topk,8,candidate:osm:node:307372951,dz:nuts2024:FR105,3,30,7.111,1668275,0.203505,Selected-site zone trace for audit and portfolio explanation only; not investment advice or a site feasibility claim.,tile_smoke_optimization_zone_trace_not_investment_grade
scenario:radius-base|method:baseline-topk|candidate:osm:node:307372951|dz:nuts2024:FR107,scenario:radius-base|method:baseline-topk,scenario:radius-base,method:baseline-topk,8,candidate:osm:node:307372951,dz:nuts2024:FR107,4,30,13.126,1434875,0.175034,Selected-site zone trace for audit and portfolio explanation only; not investment advice or a site feasibility claim.,tile_smoke_optimization_zone_trace_not_investment_grade
scenario:radius-base|method:baseline-topk|candidate:osm:node:307372951|dz:nuts2024:FR108,scenario:radius-base|method:baseline-topk,scenario:radius-base,method:baseline-topk,8,candidate:osm:node:307372951,dz:nuts2024:FR108,5,30,29.208,1297210,0.158241,Selected-site zone trace for audit and portfolio explanation only; not investment advice or a site feasibility claim.,tile_smoke_optimization_zone_trace_not_investment_grade
scenario:radius-base|method:baseline-topk|candidate:osm:node:315123765|dz:nuts2024:FR101,scenario:radius-base|method:baseline-topk,scenario:radius-base,method:baseline-topk,9,candidate:osm:node:315123765,dz:nuts2024:FR101,1,30,4.777,2065560,0.251968,Selected-site zone trace for audit and portfolio explanation only; not investment advice or a site feasibility claim.,tile_smoke_optimization_zone_trace_not_investment_grade
scenario:radius-base|method:baseline-topk|candidate:osm:node:315123765|dz:nuts2024:FR106,scenario:radius-base|method:baseline-topk,scenario:radius-base,method:baseline-topk,9,candidate:osm:node:315123765,dz:nuts2024:FR106,2,30,13.686,1731789,0.211253,Selected-site zone trace for audit and portfolio explanation only; not investment advice or a site feasibility claim.,tile_smoke_optimization_zone_trace_not_investment_grade
scenario:radius-base|method:baseline-topk|candidate:osm:node:315123765|dz:nuts2024:FR105,scenario:radius-base|method:baseline-topk,scenario:radius-base,method:baseline-topk,9,candidate:osm:node:315123765,dz:nuts2024:FR105,3,30,2.546,1668275,0.203505,Selected-site zone trace for audit and portfolio explanation only; not investment advice or a site feasibility claim.,tile_smoke_optimization_zone_trace_not_investment_grade
scenario:radius-base|method:baseline-topk|candidate:osm:node:315123765|dz:nuts2024:FR107,scenario:radius-base|method:baseline-topk,scenario:radius-base,method:baseline-topk,9,candidate:osm:node:315123765,dz:nuts2024:FR107,4,30,15.426,1434875,0.175034,Selected-site zone trace for audit and portfolio explanation only; not investment advice or a site feasibility claim.,tile_smoke_optimization_zone_trace_not_investment_grade
scenario:radius-base|method:baseline-topk|candidate:osm:node:315123765|dz:nuts2024:FR108,scenario:radius-base|method:baseline-topk,scenario:radius-base,method:baseline-topk,9,candidate:osm:node:315123765,dz:nuts2024:FR108,5,30,28.174,1297210,0.158241,Selected-site zone trace for audit and portfolio explanation only; not investment advice or a site feasibility claim.,tile_smoke_optimization_zone_trace_not_investment_grade
scenario:radius-base|method:baseline-topk|candidate:osm:node:652862411|dz:nuts2024:FR101,scenario:radius-base|method:baseline-topk,scenario:radius-base,method:baseline-topk,10,candidate:osm:node:652862411,dz:nuts2024:FR101,1,30,5.738,2065560,0.251968,Selected-site zone trace for audit and portfolio explanation only; not investment advice or a site feasibility claim.,tile_smoke_optimization_zone_trace_not_investment_grade
scenario:radius-base|method:baseline-topk|candidate:osm:node:652862411|dz:nuts2024:FR106,scenario:radius-base|method:baseline-topk,scenario:radius-base,method:baseline-topk,10,candidate:osm:node:652862411,dz:nuts2024:FR106,2,30,10.852,1731789,0.211253,Selected-site zone trace for audit and portfolio explanation only; not investment advice or a site feasibility claim.,tile_smoke_optimization_zone_trace_not_investment_grade
scenario:radius-base|method:baseline-topk|candidate:osm:node:652862411|dz:nuts2024:FR105,scenario:radius-base|method:baseline-topk,scenario:radius-base,method:baseline-topk,10,candidate:osm:node:652862411,dz:nuts2024:FR105,3,30,6.513,1668275,0.203505,Selected-site zone trace for audit and portfolio explanation only; not investment advice or a site feasibility claim.,tile_smoke_optimization_zone_trace_not_investment_grade
scenario:radius-base|method:baseline-topk|candidate:osm:node:652862411|dz:nuts2024:FR107,scenario:radius-base|method:baseline-topk,scenario:radius-base,method:baseline-topk,10,candidate:osm:node:652862411,dz:nuts2024:FR107,4,30,18.598,1434875,0.175034,Selected-site zone trace for audit and portfolio explanation only; not investment advice or a site feasibility claim.,tile_smoke_optimization_zone_trace_not_investment_grade
scenario:radius-base|method:baseline-topk|candidate:osm:node:652862411|dz:nuts2024:FR108,scenario:radius-base|method:baseline-topk,scenario:radius-base,method:baseline-topk,10,candidate:osm:node:652862411,dz:nuts2024:FR108,5,30,23.741,1297210,0.158241,Selected-site zone trace for audit and portfolio explanation only; not investment advice or a site feasibility claim.,tile_smoke_optimization_zone_trace_not_investment_grade
scenario:radius-base|method:mclp-pulp-cbc|candidate:osm:way:901643395|dz:nuts2024:FR101,scenario:radius-base|method:mclp-pulp-cbc,scenario:radius-base,method:mclp-pulp-cbc,1,candidate:osm:way:901643395,dz:nuts2024:FR101,1,30,5.153,2065560,0.251968,Selected-site zone trace for audit and portfolio explanation only; not investment advice or a site feasibility claim.,tile_smoke_optimization_zone_trace_not_investment_grade
scenario:radius-base|method:mclp-pulp-cbc|candidate:osm:way:901643395|dz:nuts2024:FR106,scenario:radius-base|method:mclp-pulp-cbc,scenario:radius-base,method:mclp-pulp-cbc,1,candidate:osm:way:901643395,dz:nuts2024:FR106,2,30,5.052,1731789,0.211253,Selected-site zone trace for audit and portfolio explanation only; not investment advice or a site feasibility claim.,tile_smoke_optimization_zone_trace_not_investment_grade
scenario:radius-base|method:mclp-pulp-cbc|candidate:osm:way:901643395|dz:nuts2024:FR105,scenario:radius-base|method:mclp-pulp-cbc,scenario:radius-base,method:mclp-pulp-cbc,1,candidate:osm:way:901643395,dz:nuts2024:FR105,3,30,10.914,1668275,0.203505,Selected-site zone trace for audit and portfolio explanation only; not investment advice or a site feasibility claim.,tile_smoke_optimization_zone_trace_not_investment_grade
scenario:radius-base|method:mclp-pulp-cbc|candidate:osm:way:901643395|dz:nuts2024:FR107,scenario:radius-base|method:mclp-pulp-cbc,scenario:radius-base,method:mclp-pulp-cbc,1,candidate:osm:way:901643395,dz:nuts2024:FR107,4,30,15.648,1434875,0.175034,Selected-site zone trace for audit and portfolio explanation only; not investment advice or a site feasibility claim.,tile_smoke_optimization_zone_trace_not_investment_grade
scenario:radius-base|method:mclp-pulp-cbc|candidate:osm:way:901643395|dz:nuts2024:FR108,scenario:radius-base|method:mclp-pulp-cbc,scenario:radius-base,method:mclp-pulp-cbc,1,candidate:osm:way:901643395,dz:nuts2024:FR108,5,30,27.521,1297210,0.158241,Selected-site zone trace for audit and portfolio explanation only; not investment advice or a site feasibility claim.,tile_smoke_optimization_zone_trace_not_investment_grade
scenario:radius-base|method:mclp-pulp-cbc|candidate:osm:node:302017504|dz:nuts2024:BE100,scenario:radius-base|method:mclp-pulp-cbc,scenario:radius-base,method:mclp-pulp-cbc,2,candidate:osm:node:302017504,dz:nuts2024:BE100,1,30,30.0,1271709,0.341909,Selected-site zone trace for audit and portfolio explanation only; not investment advice or a site feasibility claim.,tile_smoke_optimization_zone_trace_not_investment_grade
scenario:radius-base|method:mclp-pulp-cbc|candidate:osm:node:302017504|dz:nuts2024:BE241,scenario:radius-base|method:mclp-pulp-cbc,scenario:radius-base,method:mclp-pulp-cbc,2,candidate:osm:node:302017504,dz:nuts2024:BE241,2,30,28.283,674772,0.181418,Selected-site zone trace for audit and portfolio explanation only; not investment advice or a site feasibility claim.,tile_smoke_optimization_zone_trace_not_investment_grade
scenario:radius-base|method:mclp-pulp-cbc|candidate:osm:node:302017504|dz:nuts2024:BE310,scenario:radius-base|method:mclp-pulp-cbc,scenario:radius-base,method:mclp-pulp-cbc,2,candidate:osm:node:302017504,dz:nuts2024:BE310,3,30,29.754,416504,0.11198,Selected-site zone trace for audit and portfolio explanation only; not investment advice or a site feasibility claim.,tile_smoke_optimization_zone_trace_not_investment_grade
scenario:radius-base|method:mclp-pulp-cbc|candidate:osm:node:302017504|dz:nuts2024:BE32B,scenario:radius-base|method:mclp-pulp-cbc,scenario:radius-base,method:mclp-pulp-cbc,2,candidate:osm:node:302017504,dz:nuts2024:BE32B,4,30,28.826,403346,0.108443,Selected-site zone trace for audit and portfolio explanation only; not investment advice or a site feasibility claim.,tile_smoke_optimization_zone_trace_not_investment_grade
scenario:radius-base|method:mclp-pulp-cbc|candidate:osm:node:302017504|dz:nuts2024:BE231,scenario:radius-base|method:mclp-pulp-cbc,scenario:radius-base,method:mclp-pulp-cbc,2,candidate:osm:node:302017504,dz:nuts2024:BE231,5,30,29.024,307873,0.082774,Selected-site zone trace for audit and portfolio explanation only; not investment advice or a site feasibility claim.,tile_smoke_optimization_zone_trace_not_investment_grade
scenario:radius-base|method:mclp-pulp-cbc|candidate:osm:node:302017504|dz:nuts2024:BE323,scenario:radius-base|method:mclp-pulp-cbc,scenario:radius-base,method:mclp-pulp-cbc,2,candidate:osm:node:302017504,dz:nuts2024:BE323,6,30,26.613,262177,0.070488,Selected-site zone trace for audit and portfolio explanation only; not investment advice or a site feasibility claim.,tile_smoke_optimization_zone_trace_not_investment_grade
scenario:radius-base|method:mclp-pulp-cbc|candidate:osm:node:302017504|dz:nuts2024:BE329,scenario:radius-base|method:mclp-pulp-cbc,scenario:radius-base,method:mclp-pulp-cbc,2,candidate:osm:node:302017504,dz:nuts2024:BE329,7,30,21.793,142964,0.038437,Selected-site zone trace for audit and portfolio explanation only; not investment advice or a site feasibility claim.,tile_smoke_optimization_zone_trace_not_investment_grade
scenario:radius-base|method:mclp-pulp-cbc|candidate:osm:node:302017504|dz:nuts2024:BE32A,scenario:radius-base|method:mclp-pulp-cbc,scenario:radius-base,method:mclp-pulp-cbc,2,candidate:osm:node:302017504,dz:nuts2024:BE32A,8,30,23.208,130872,0.035186,Selected-site zone trace for audit and portfolio explanation only; not investment advice or a site feasibility claim.,tile_smoke_optimization_zone_trace_not_investment_grade
scenario:radius-base|method:mclp-pulp-cbc|candidate:osm:node:302017504|dz:nuts2024:BE32C,scenario:radius-base|method:mclp-pulp-cbc,scenario:radius-base,method:mclp-pulp-cbc,2,candidate:osm:node:302017504,dz:nuts2024:BE32C,9,30,6.03,109221,0.029365,Selected-site zone trace for audit and portfolio explanation only; not investment advice or a site feasibility claim.,tile_smoke_optimization_zone_trace_not_investment_grade
scenario:radius-base|method:mclp-pulp-cbc|candidate:osm:node:30503337|dz:nuts2024:DE212,scenario:radius-base|method:mclp-pulp-cbc,scenario:radius-base,method:mclp-pulp-cbc,3,candidate:osm:node:30503337,dz:nuts2024:DE212,1,30,22.371,1505005,0.572362,Selected-site zone trace for audit and portfolio explanation only; not investment advice or a site feasibility claim.,tile_smoke_optimization_zone_trace_not_investment_grade
scenario:radius-base|method:mclp-pulp-cbc|candidate:osm:node:30503337|dz:nuts2024:DE21H,scenario:radius-base|method:mclp-pulp-cbc,scenario:radius-base,method:mclp-pulp-cbc,3,candidate:osm:node:30503337,dz:nuts2024:DE21H,2,30,28.74,354396,0.134779,Selected-site zone trace for audit and portfolio explanation only; not investment advice or a site feasibility claim.,tile_smoke_optimization_zone_trace_not_investment_grade
scenario:radius-base|method:mclp-pulp-cbc|candidate:osm:node:30503337|dz:nuts2024:DE21C,scenario:radius-base|method:mclp-pulp-cbc,scenario:radius-base,method:mclp-pulp-cbc,3,candidate:osm:node:30503337,dz:nuts2024:DE21C,3,30,1.792,218227,0.082993,Selected-site zone trace for audit and portfolio explanation only; not investment advice or a site feasibility claim.,tile_smoke_optimization_zone_trace_not_investment_grade
scenario:radius-base|method:mclp-pulp-cbc|candidate:osm:node:30503337|dz:nuts2024:DE217,scenario:radius-base|method:mclp-pulp-cbc,scenario:radius-base,method:mclp-pulp-cbc,3,candidate:osm:node:30503337,dz:nuts2024:DE217,4,30,17.36,153595,0.058413,Selected-site zone trace for audit and portfolio explanation only; not investment advice or a site feasibility claim.,tile_smoke_optimization_zone_trace_not_investment_grade
scenario:radius-base|method:mclp-pulp-cbc|candidate:osm:node:30503337|dz:nuts2024:DE21L,scenario:radius-base|method:mclp-pulp-cbc,scenario:radius-base,method:mclp-pulp-cbc,3,candidate:osm:node:30503337,dz:nuts2024:DE21L,5,30,24.636,139329,0.052988,Selected-site zone trace for audit and portfolio explanation only; not investment advice or a site feasibility claim.,tile_smoke_optimization_zone_trace_not_investment_grade
scenario:radius-base|method:mclp-pulp-cbc|candidate:osm:node:30503337|dz:nuts2024:DE275,scenario:radius-base|method:mclp-pulp-cbc,scenario:radius-base,method:mclp-pulp-cbc,3,candidate:osm:node:30503337,dz:nuts2024:DE275,6,30,26.804,136803,0.052027,Selected-site zone trace for audit and portfolio explanation only; not investment advice or a site feasibility claim.,tile_smoke_optimization_zone_trace_not_investment_grade
scenario:radius-base|method:mclp-pulp-cbc|candidate:osm:node:30503337|dz:nuts2024:DE21E,scenario:radius-base|method:mclp-pulp-cbc,scenario:radius-base,method:mclp-pulp-cbc,3,candidate:osm:node:30503337,dz:nuts2024:DE21E,7,30,26.907,122107,0.046438,Selected-site zone trace for audit and portfolio explanation only; not investment advice or a site feasibility claim.,tile_smoke_optimization_zone_trace_not_investment_grade
scenario:radius-base|method:mclp-pulp-cbc|candidate:osm:node:135510729|dz:nuts2024:BE211,scenario:radius-base|method:mclp-pulp-cbc,scenario:radius-base,method:mclp-pulp-cbc,4,candidate:osm:node:135510729,dz:nuts2024:BE211,1,30,28.168,1101687,0.444418,Selected-site zone trace for audit and portfolio explanation only; not investment advice or a site feasibility claim.,tile_smoke_optimization_zone_trace_not_investment_grade
scenario:radius-base|method:mclp-pulp-cbc|candidate:osm:node:135510729|dz:nuts2024:BE242,scenario:radius-base|method:mclp-pulp-cbc,scenario:radius-base,method:mclp-pulp-cbc,4,candidate:osm:node:135510729,dz:nuts2024:BE242,2,30,27.329,530971,0.214192,Selected-site zone trace for audit and portfolio explanation only; not investment advice or a site feasibility claim.,tile_smoke_optimization_zone_trace_not_investment_grade
scenario:radius-base|method:mclp-pulp-cbc|candidate:osm:node:135510729|dz:nuts2024:BE213,scenario:radius-base|method:mclp-pulp-cbc,scenario:radius-base,method:mclp-pulp-cbc,4,candidate:osm:node:135510729,dz:nuts2024:BE213,3,30,19.474,483806,0.195166,Selected-site zone trace for audit and portfolio explanation only; not investment advice or a site feasibility claim.,tile_smoke_optimization_zone_trace_not_investment_grade
scenario:radius-base|method:mclp-pulp-cbc|candidate:osm:node:135510729|dz:nuts2024:BE212,scenario:radius-base|method:mclp-pulp-cbc,scenario:radius-base,method:mclp-pulp-cbc,4,candidate:osm:node:135510729,dz:nuts2024:BE212,4,30,23.527,362480,0.146224,Selected-site zone trace for audit and portfolio explanation only; not investment advice or a site feasibility claim.,tile_smoke_optimization_zone_trace_not_investment_grade
scenario:radius-base|method:mclp-pulp-cbc|candidate:osm:node:476758057|dz:nuts2024:DE128,scenario:radius-base|method:mclp-pulp-cbc,scenario:radius-base,method:mclp-pulp-cbc,5,candidate:osm:node:476758057,dz:nuts2024:DE128,1,30,22.755,558561,0.277704,Selected-site zone trace for audit and portfolio explanation only; not investment advice or a site feasibility claim.,tile_smoke_optimization_zone_trace_not_investment_grade
scenario:radius-base|method:mclp-pulp-cbc|candidate:osm:node:476758057|dz:nuts2024:DE126,scenario:radius-base|method:mclp-pulp-cbc,scenario:radius-base,method:mclp-pulp-cbc,5,candidate:osm:node:476758057,dz:nuts2024:DE126,2,30,3.499,318035,0.15812,Selected-site zone trace for audit and portfolio explanation only; not investment advice or a site feasibility claim.,tile_smoke_optimization_zone_trace_not_investment_grade
scenario:radius-base|method:mclp-pulp-cbc|candidate:osm:node:476758057|dz:nuts2024:DE715,scenario:radius-base|method:mclp-pulp-cbc,scenario:radius-base,method:mclp-pulp-cbc,5,candidate:osm:node:476758057,dz:nuts2024:DE715,3,30,18.645,274169,0.136311,Selected-site zone trace for audit and portfolio explanation only; not investment advice or a site feasibility claim.,tile_smoke_optimization_zone_trace_not_investment_grade
scenario:radius-base|method:mclp-pulp-cbc|candidate:osm:node:476758057|dz:nuts2024:DEB34,scenario:radius-base|method:mclp-pulp-cbc,scenario:radius-base,method:mclp-pulp-cbc,5,candidate:osm:node:476758057,dz:nuts2024:DEB34,4,30,7.088,177222,0.088111,Selected-site zone trace for audit and portfolio explanation only; not investment advice or a site feasibility claim.,tile_smoke_optimization_zone_trace_not_investment_grade
scenario:radius-base|method:mclp-pulp-cbc|candidate:osm:node:476758057|dz:nuts2024:DEB3I,scenario:radius-base|method:mclp-pulp-cbc,scenario:radius-base,method:mclp-pulp-cbc,5,candidate:osm:node:476758057,dz:nuts2024:DEB3I,5,30,9.074,155882,0.077501,Selected-site zone trace for audit and portfolio explanation only; not investment advice or a site feasibility claim.,tile_smoke_optimization_zone_trace_not_investment_grade
scenario:radius-base|method:mclp-pulp-cbc|candidate:osm:node:476758057|dz:nuts2024:DE125,scenario:radius-base|method:mclp-pulp-cbc,scenario:radius-base,method:mclp-pulp-cbc,5,candidate:osm:node:476758057,dz:nuts2024:DE125,6,30,17.54,155756,0.077438,Selected-site zone trace for audit and portfolio explanation only; not investment advice or a site feasibility claim.,tile_smoke_optimization_zone_trace_not_investment_grade
scenario:radius-base|method:mclp-pulp-cbc|candidate:osm:node:476758057|dz:nuts2024:DEB3C,scenario:radius-base|method:mclp-pulp-cbc,scenario:radius-base,method:mclp-pulp-cbc,5,candidate:osm:node:476758057,dz:nuts2024:DEB3C,7,30,29.691,134329,0.066785,Selected-site zone trace for audit and portfolio explanation only; not investment advice or a site feasibility claim.,tile_smoke_optimization_zone_trace_not_investment_grade
scenario:radius-base|method:mclp-pulp-cbc|candidate:osm:node:476758057|dz:nuts2024:DEB39,scenario:radius-base|method:mclp-pulp-cbc,scenario:radius-base,method:mclp-pulp-cbc,5,candidate:osm:node:476758057,dz:nuts2024:DEB39,8,30,23.265,86753,0.043132,Selected-site zone trace for audit and portfolio explanation only; not investment advice or a site feasibility claim.,tile_smoke_optimization_zone_trace_not_investment_grade
scenario:radius-base|method:mclp-pulp-cbc|candidate:osm:node:476758057|dz:nuts2024:DEB36,scenario:radius-base|method:mclp-pulp-cbc,scenario:radius-base,method:mclp-pulp-cbc,5,candidate:osm:node:476758057,dz:nuts2024:DEB36,9,30,27.39,52945,0.026323,Selected-site zone trace for audit and portfolio explanation only; not investment advice or a site feasibility claim.,tile_smoke_optimization_zone_trace_not_investment_grade
scenario:radius-base|method:mclp-pulp-cbc|candidate:osm:node:476758057|dz:nuts2024:DEB38,scenario:radius-base|method:mclp-pulp-cbc,scenario:radius-base,method:mclp-pulp-cbc,5,candidate:osm:node:476758057,dz:nuts2024:DEB38,10,30,16.205,49564,0.024642,Selected-site zone trace for audit and portfolio explanation only; not investment advice or a site feasibility claim.,tile_smoke_optimization_zone_trace_not_investment_grade
scenario:radius-base|method:mclp-pulp-cbc|candidate:osm:node:476758057|dz:nuts2024:DEB31,scenario:radius-base|method:mclp-pulp-cbc,scenario:radius-base,method:mclp-pulp-cbc,5,candidate:osm:node:476758057,dz:nuts2024:DEB31,11,30,10.926,48140,0.023934,Selected-site zone trace for audit and portfolio explanation only; not investment advice or a site feasibility claim.,tile_smoke_optimization_zone_trace_not_investment_grade
scenario:radius-base|method:mclp-pulp-cbc|candidate:osm:node:244746279|dz:nuts2024:DE111,scenario:radius-base|method:mclp-pulp-cbc,scenario:radius-base,method:mclp-pulp-cbc,6,candidate:osm:node:244746279,dz:nuts2024:DE111,1,30,13.197,612663,0.235022,Selected-site zone trace for audit and portfolio explanation only; not investment advice or a site feasibility claim.,tile_smoke_optimization_zone_trace_not_investment_grade
scenario:radius-base|method:mclp-pulp-cbc|candidate:osm:node:244746279|dz:nuts2024:DE113,scenario:radius-base|method:mclp-pulp-cbc,scenario:radius-base,method:mclp-pulp-cbc,6,candidate:osm:node:244746279,dz:nuts2024:DE113,2,30,10.719,536601,0.205844,Selected-site zone trace for audit and portfolio explanation only; not investment advice or a site feasibility claim.,tile_smoke_optimization_zone_trace_not_investment_grade
scenario:radius-base|method:mclp-pulp-cbc|candidate:osm:node:244746279|dz:nuts2024:DE115,scenario:radius-base|method:mclp-pulp-cbc,scenario:radius-base,method:mclp-pulp-cbc,6,candidate:osm:node:244746279,dz:nuts2024:DE115,3,30,26.819,535374,0.205373,Selected-site zone trace for audit and portfolio explanation only; not investment advice or a site feasibility claim.,tile_smoke_optimization_zone_trace_not_investment_grade
scenario:radius-base|method:mclp-pulp-cbc|candidate:osm:node:244746279|dz:nuts2024:DE112,scenario:radius-base|method:mclp-pulp-cbc,scenario:radius-base,method:mclp-pulp-cbc,6,candidate:osm:node:244746279,dz:nuts2024:DE112,4,30,17.872,395167,0.151589,Selected-site zone trace for audit and portfolio explanation only; not investment advice or a site feasibility claim.,tile_smoke_optimization_zone_trace_not_investment_grade
scenario:radius-base|method:mclp-pulp-cbc|candidate:osm:node:244746279|dz:nuts2024:DE141,scenario:radius-base|method:mclp-pulp-cbc,scenario:radius-base,method:mclp-pulp-cbc,6,candidate:osm:node:244746279,dz:nuts2024:DE141,5,30,29.833,293483,0.112582,Selected-site zone trace for audit and portfolio explanation only; not investment advice or a site feasibility claim.,tile_smoke_optimization_zone_trace_not_investment_grade
scenario:radius-base|method:mclp-pulp-cbc|candidate:osm:node:244746279|dz:nuts2024:DE142,scenario:radius-base|method:mclp-pulp-cbc,scenario:radius-base,method:mclp-pulp-cbc,6,candidate:osm:node:244746279,dz:nuts2024:DE142,6,30,27.129,233546,0.08959,Selected-site zone trace for audit and portfolio explanation only; not investment advice or a site feasibility claim.,tile_smoke_optimization_zone_trace_not_investment_grade
scenario:radius-base|method:mclp-pulp-cbc|candidate:osm:node:6241640958|dz:nuts2024:BE234,scenario:radius-base|method:mclp-pulp-cbc,scenario:radius-base,method:mclp-pulp-cbc,7,candidate:osm:node:6241640958,dz:nuts2024:BE234,1,30,29.587,583606,0.35417,Selected-site zone trace for audit and portfolio explanation only; not investment advice or a site feasibility claim.,tile_smoke_optimization_zone_trace_not_investment_grade
scenario:radius-base|method:mclp-pulp-cbc|candidate:osm:node:6241640958|dz:nuts2024:BE254,scenario:radius-base|method:mclp-pulp-cbc,scenario:radius-base,method:mclp-pulp-cbc,7,candidate:osm:node:6241640958,dz:nuts2024:BE254,2,30,25.375,304883,0.185023,Selected-site zone trace for audit and portfolio explanation only; not investment advice or a site feasibility claim.,tile_smoke_optimization_zone_trace_not_investment_grade
scenario:radius-base|method:mclp-pulp-cbc|candidate:osm:node:6241640958|dz:nuts2024:BE251,scenario:radius-base|method:mclp-pulp-cbc,scenario:radius-base,method:mclp-pulp-cbc,7,candidate:osm:node:6241640958,dz:nuts2024:BE251,3,30,16.702,288078,0.174824,Selected-site zone trace for audit and portfolio explanation only; not investment advice or a site feasibility claim.,tile_smoke_optimization_zone_trace_not_investment_grade
scenario:radius-base|method:mclp-pulp-cbc|candidate:osm:node:6241640958|dz:nuts2024:BE255,scenario:radius-base|method:mclp-pulp-cbc,scenario:radius-base,method:mclp-pulp-cbc,7,candidate:osm:node:6241640958,dz:nuts2024:BE255,4,30,26.502,161284,0.097877,Selected-site zone trace for audit and portfolio explanation only; not investment advice or a site feasibility claim.,tile_smoke_optimization_zone_trace_not_investment_grade
scenario:radius-base|method:mclp-pulp-cbc|candidate:osm:node:6241640958|dz:nuts2024:BE256,scenario:radius-base|method:mclp-pulp-cbc,scenario:radius-base,method:mclp-pulp-cbc,7,candidate:osm:node:6241640958,dz:nuts2024:BE256,5,30,12.679,160971,0.097688,Selected-site zone trace for audit and portfolio explanation only; not investment advice or a site feasibility claim.,tile_smoke_optimization_zone_trace_not_investment_grade
scenario:radius-base|method:mclp-pulp-cbc|candidate:osm:node:6241640958|dz:nuts2024:BE257,scenario:radius-base|method:mclp-pulp-cbc,scenario:radius-base,method:mclp-pulp-cbc,7,candidate:osm:node:6241640958,dz:nuts2024:BE257,6,30,6.414,96253,0.058413,Selected-site zone trace for audit and portfolio explanation only; not investment advice or a site feasibility claim.,tile_smoke_optimization_zone_trace_not_investment_grade
scenario:radius-base|method:mclp-pulp-cbc|candidate:osm:node:6241640958|dz:nuts2024:BE252,scenario:radius-base|method:mclp-pulp-cbc,scenario:radius-base,method:mclp-pulp-cbc,7,candidate:osm:node:6241640958,dz:nuts2024:BE252,7,30,23.651,52740,0.032006,Selected-site zone trace for audit and portfolio explanation only; not investment advice or a site feasibility claim.,tile_smoke_optimization_zone_trace_not_investment_grade
scenario:radius-base|method:mclp-pulp-cbc|candidate:osm:node:25241985|dz:nuts2024:DE123,scenario:radius-base|method:mclp-pulp-cbc,scenario:radius-base,method:mclp-pulp-cbc,8,candidate:osm:node:25241985,dz:nuts2024:DE123,1,30,16.103,456264,0.279573,Selected-site zone trace for audit and portfolio explanation only; not investment advice or a site feasibility claim.,tile_smoke_optimization_zone_trace_not_investment_grade
scenario:radius-base|method:mclp-pulp-cbc|candidate:osm:node:25241985|dz:nuts2024:DE122,scenario:radius-base|method:mclp-pulp-cbc,scenario:radius-base,method:mclp-pulp-cbc,8,candidate:osm:node:25241985,dz:nuts2024:DE122,2,30,4.164,309050,0.189369,Selected-site zone trace for audit and portfolio explanation only; not investment advice or a site feasibility claim.,tile_smoke_optimization_zone_trace_not_investment_grade
scenario:radius-base|method:mclp-pulp-cbc|candidate:osm:node:25241985|dz:nuts2024:DE124,scenario:radius-base|method:mclp-pulp-cbc,scenario:radius-base,method:mclp-pulp-cbc,8,candidate:osm:node:25241985,dz:nuts2024:DE124,3,30,24.895,230737,0.141383,Selected-site zone trace for audit and portfolio explanation only; not investment advice or a site feasibility claim.,tile_smoke_optimization_zone_trace_not_investment_grade
scenario:radius-base|method:mclp-pulp-cbc|candidate:osm:node:25241985|dz:nuts2024:DE12B,scenario:radius-base|method:mclp-pulp-cbc,scenario:radius-base,method:mclp-pulp-cbc,8,candidate:osm:node:25241985,dz:nuts2024:DE12B,4,30,26.031,199745,0.122393,Selected-site zone trace for audit and portfolio explanation only; not investment advice or a site feasibility claim.,tile_smoke_optimization_zone_trace_not_investment_grade
scenario:radius-base|method:mclp-pulp-cbc|candidate:osm:node:25241985|dz:nuts2024:DE129,scenario:radius-base|method:mclp-pulp-cbc,scenario:radius-base,method:mclp-pulp-cbc,8,candidate:osm:node:25241985,dz:nuts2024:DE129,5,30,27.594,134912,0.082667,Selected-site zone trace for audit and portfolio explanation only; not investment advice or a site feasibility claim.,tile_smoke_optimization_zone_trace_not_investment_grade
scenario:radius-base|method:mclp-pulp-cbc|candidate:osm:node:25241985|dz:nuts2024:DEB3E,scenario:radius-base|method:mclp-pulp-cbc,scenario:radius-base,method:mclp-pulp-cbc,8,candidate:osm:node:25241985,dz:nuts2024:DEB3E,6,30,18.4,131383,0.080504,Selected-site zone trace for audit and portfolio explanation only; not investment advice or a site feasibility claim.,tile_smoke_optimization_zone_trace_not_investment_grade
scenario:radius-base|method:mclp-pulp-cbc|candidate:osm:node:25241985|dz:nuts2024:DEB3H,scenario:radius-base|method:mclp-pulp-cbc,scenario:radius-base,method:mclp-pulp-cbc,8,candidate:osm:node:25241985,dz:nuts2024:DEB3H,7,30,28.458,113031,0.069259,Selected-site zone trace for audit and portfolio explanation only; not investment advice or a site feasibility claim.,tile_smoke_optimization_zone_trace_not_investment_grade
scenario:radius-base|method:mclp-pulp-cbc|candidate:osm:node:25241985|dz:nuts2024:DE121,scenario:radius-base|method:mclp-pulp-cbc,scenario:radius-base,method:mclp-pulp-cbc,8,candidate:osm:node:25241985,dz:nuts2024:DE121,8,30,29.842,56881,0.034853,Selected-site zone trace for audit and portfolio explanation only; not investment advice or a site feasibility claim.,tile_smoke_optimization_zone_trace_not_investment_grade
scenario:radius-base|method:mclp-pulp-cbc|candidate:osm:node:261157800|dz:nuts2024:DE116,scenario:radius-base|method:mclp-pulp-cbc,scenario:radius-base,method:mclp-pulp-cbc,9,candidate:osm:node:261157800,dz:nuts2024:DE116,1,30,19.35,440696,0.354512,Selected-site zone trace for audit and portfolio explanation only; not investment advice or a site feasibility claim.,tile_smoke_optimization_zone_trace_not_investment_grade
scenario:radius-base|method:mclp-pulp-cbc|candidate:osm:node:261157800|dz:nuts2024:DE118,scenario:radius-base|method:mclp-pulp-cbc,scenario:radius-base,method:mclp-pulp-cbc,9,candidate:osm:node:261157800,dz:nuts2024:DE118,2,30,26.139,353877,0.284672,Selected-site zone trace for audit and portfolio explanation only; not investment advice or a site feasibility claim.,tile_smoke_optimization_zone_trace_not_investment_grade
scenario:radius-base|method:mclp-pulp-cbc|candidate:osm:node:261157800|dz:nuts2024:DE11A,scenario:radius-base|method:mclp-pulp-cbc,scenario:radius-base,method:mclp-pulp-cbc,9,candidate:osm:node:261157800,dz:nuts2024:DE11A,3,30,29.208,200902,0.161613,Selected-site zone trace for audit and portfolio explanation only; not investment advice or a site feasibility claim.,tile_smoke_optimization_zone_trace_not_investment_grade
scenario:radius-base|method:mclp-pulp-cbc|candidate:osm:node:261157800|dz:nuts2024:DE117,scenario:radius-base|method:mclp-pulp-cbc,scenario:radius-base,method:mclp-pulp-cbc,9,candidate:osm:node:261157800,dz:nuts2024:DE117,4,30,22.223,131986,0.106174,Selected-site zone trace for audit and portfolio explanation only; not investment advice or a site feasibility claim.,tile_smoke_optimization_zone_trace_not_investment_grade
scenario:radius-base|method:mclp-pulp-cbc|candidate:osm:node:261157800|dz:nuts2024:DE119,scenario:radius-base|method:mclp-pulp-cbc,scenario:radius-base,method:mclp-pulp-cbc,9,candidate:osm:node:261157800,dz:nuts2024:DE119,5,30,21.617,115644,0.093028,Selected-site zone trace for audit and portfolio explanation only; not investment advice or a site feasibility claim.,tile_smoke_optimization_zone_trace_not_investment_grade
scenario:radius-base|method:mclp-pulp-cbc|candidate:osm:node:2735095491|dz:nuts2024:BE332,scenario:radius-base|method:mclp-pulp-cbc,scenario:radius-base,method:mclp-pulp-cbc,10,candidate:osm:node:2735095491,dz:nuts2024:BE332,1,30,26.083,637220,0.428927,Selected-site zone trace for audit and portfolio explanation only; not investment advice or a site feasibility claim.,tile_smoke_optimization_zone_trace_not_investment_grade
scenario:radius-base|method:mclp-pulp-cbc|candidate:osm:node:2735095491|dz:nuts2024:BE224,scenario:radius-base|method:mclp-pulp-cbc,scenario:radius-base,method:mclp-pulp-cbc,10,candidate:osm:node:2735095491,dz:nuts2024:BE224,2,30,25.852,436040,0.293508,Selected-site zone trace for audit and portfolio explanation only; not investment advice or a site feasibility claim.,tile_smoke_optimization_zone_trace_not_investment_grade
scenario:radius-base|method:mclp-pulp-cbc|candidate:osm:node:2735095491|dz:nuts2024:BE223,scenario:radius-base|method:mclp-pulp-cbc,scenario:radius-base,method:mclp-pulp-cbc,10,candidate:osm:node:2735095491,dz:nuts2024:BE223,3,30,27.954,211654,0.142469,Selected-site zone trace for audit and portfolio explanation only; not investment advice or a site feasibility claim.,tile_smoke_optimization_zone_trace_not_investment_grade
scenario:radius-base|method:mclp-pulp-cbc|candidate:osm:node:2735095491|dz:nuts2024:BE331,scenario:radius-base|method:mclp-pulp-cbc,scenario:radius-base,method:mclp-pulp-cbc,10,candidate:osm:node:2735095491,dz:nuts2024:BE331,4,30,23.317,116478,0.078404,Selected-site zone trace for audit and portfolio explanation only; not investment advice or a site feasibility claim.,tile_smoke_optimization_zone_trace_not_investment_grade
scenario:radius-base|method:mclp-pulp-cbc|candidate:osm:node:2735095491|dz:nuts2024:BE334,scenario:radius-base|method:mclp-pulp-cbc,scenario:radius-base,method:mclp-pulp-cbc,10,candidate:osm:node:2735095491,dz:nuts2024:BE334,5,30,4.999,84223,0.056692,Selected-site zone trace for audit and portfolio explanation only; not investment advice or a site feasibility claim.,tile_smoke_optimization_zone_trace_not_investment_grade
scenario:radius-base|method:mclp-shortlist-exact|candidate:osm:node:25214653|dz:nuts2024:FR101,scenario:radius-base|method:mclp-shortlist-exact,scenario:radius-base,method:mclp-shortlist-exact,1,candidate:osm:node:25214653,dz:nuts2024:FR101,1,30,3.147,2065560,0.251968,Selected-site zone trace for audit and portfolio explanation only; not investment advice or a site feasibility claim.,tile_smoke_optimization_zone_trace_not_investment_grade
scenario:radius-base|method:mclp-shortlist-exact|candidate:osm:node:25214653|dz:nuts2024:FR106,scenario:radius-base|method:mclp-shortlist-exact,scenario:radius-base,method:mclp-shortlist-exact,1,candidate:osm:node:25214653,dz:nuts2024:FR106,2,30,6.071,1731789,0.211253,Selected-site zone trace for audit and portfolio explanation only; not investment advice or a site feasibility claim.,tile_smoke_optimization_zone_trace_not_investment_grade
scenario:radius-base|method:mclp-shortlist-exact|candidate:osm:node:25214653|dz:nuts2024:FR105,scenario:radius-base|method:mclp-shortlist-exact,scenario:radius-base,method:mclp-shortlist-exact,1,candidate:osm:node:25214653,dz:nuts2024:FR105,3,30,9.749,1668275,0.203505,Selected-site zone trace for audit and portfolio explanation only; not investment advice or a site feasibility claim.,tile_smoke_optimization_zone_trace_not_investment_grade
scenario:radius-base|method:mclp-shortlist-exact|candidate:osm:node:25214653|dz:nuts2024:FR107,scenario:radius-base|method:mclp-shortlist-exact,scenario:radius-base,method:mclp-shortlist-exact,1,candidate:osm:node:25214653,dz:nuts2024:FR107,4,30,13.704,1434875,0.175034,Selected-site zone trace for audit and portfolio explanation only; not investment advice or a site feasibility claim.,tile_smoke_optimization_zone_trace_not_investment_grade
scenario:radius-base|method:mclp-shortlist-exact|candidate:osm:node:25214653|dz:nuts2024:FR108,scenario:radius-base|method:mclp-shortlist-exact,scenario:radius-base,method:mclp-shortlist-exact,1,candidate:osm:node:25214653,dz:nuts2024:FR108,5,30,28.966,1297210,0.158241,Selected-site zone trace for audit and portfolio explanation only; not investment advice or a site feasibility claim.,tile_smoke_optimization_zone_trace_not_investment_grade
scenario:radius-base|method:min-cost-coverage-pulp|candidate:osm:node:320203219|dz:nuts2024:FR101,scenario:radius-base|method:min-cost-coverage-pulp,scenario:radius-base,method:min-cost-coverage-pulp,1,candidate:osm:node:320203219,dz:nuts2024:FR101,1,30,5.143,2065560,0.251968,Selected-site zone trace for audit and portfolio explanation only; not investment advice or a site feasibility claim.,tile_smoke_optimization_zone_trace_not_investment_grade
scenario:radius-base|method:min-cost-coverage-pulp|candidate:osm:node:320203219|dz:nuts2024:FR106,scenario:radius-base|method:min-cost-coverage-pulp,scenario:radius-base,method:min-cost-coverage-pulp,1,candidate:osm:node:320203219,dz:nuts2024:FR106,2,30,5.068,1731789,0.211253,Selected-site zone trace for audit and portfolio explanation only; not investment advice or a site feasibility claim.,tile_smoke_optimization_zone_trace_not_investment_grade
scenario:radius-base|method:min-cost-coverage-pulp|candidate:osm:node:320203219|dz:nuts2024:FR105,scenario:radius-base|method:min-cost-coverage-pulp,scenario:radius-base,method:min-cost-coverage-pulp,1,candidate:osm:node:320203219,dz:nuts2024:FR105,3,30,10.899,1668275,0.203505,Selected-site zone trace for audit and portfolio explanation only; not investment advice or a site feasibility claim.,tile_smoke_optimization_zone_trace_not_investment_grade
scenario:radius-base|method:min-cost-coverage-pulp|candidate:osm:node:320203219|dz:nuts2024:FR107,scenario:radius-base|method:min-cost-coverage-pulp,scenario:radius-base,method:min-cost-coverage-pulp,1,candidate:osm:node:320203219,dz:nuts2024:FR107,4,30,15.651,1434875,0.175034,Selected-site zone trace for audit and portfolio explanation only; not investment advice or a site feasibility claim.,tile_smoke_optimization_zone_trace_not_investment_grade
scenario:radius-base|method:min-cost-coverage-pulp|candidate:osm:node:320203219|dz:nuts2024:FR108,scenario:radius-base|method:min-cost-coverage-pulp,scenario:radius-base,method:min-cost-coverage-pulp,1,candidate:osm:node:320203219,dz:nuts2024:FR108,5,30,27.513,1297210,0.158241,Selected-site zone trace for audit and portfolio explanation only; not investment advice or a site feasibility claim.,tile_smoke_optimization_zone_trace_not_investment_grade
scenario:radius-conservative|method:baseline-topk|candidate:osm:node:25213823|dz:nuts2024:FR101,scenario:radius-conservative|method:baseline-topk,scenario:radius-conservative,method:baseline-topk,1,candidate:osm:node:25213823,dz:nuts2024:FR101,1,15,6.017,2065560,0.299335,Selected-site zone trace for audit and portfolio explanation only; not investment advice or a site feasibility claim.,tile_smoke_optimization_zone_trace_not_investment_grade
scenario:radius-conservative|method:baseline-topk|candidate:osm:node:25213823|dz:nuts2024:FR106,scenario:radius-conservative|method:baseline-topk,scenario:radius-conservative,method:baseline-topk,1,candidate:osm:node:25213823,dz:nuts2024:FR106,2,15,9.552,1731789,0.250966,Selected-site zone trace for audit and portfolio explanation only; not investment advice or a site feasibility claim.,tile_smoke_optimization_zone_trace_not_investment_grade
scenario:radius-conservative|method:baseline-topk|candidate:osm:node:25213823|dz:nuts2024:FR105,scenario:radius-conservative|method:baseline-topk,scenario:radius-conservative,method:baseline-topk,1,candidate:osm:node:25213823,dz:nuts2024:FR105,3,15,12.163,1668275,0.241762,Selected-site zone trace for audit and portfolio explanation only; not investment advice or a site feasibility claim.,tile_smoke_optimization_zone_trace_not_investment_grade
scenario:radius-conservative|method:baseline-topk|candidate:osm:node:25213823|dz:nuts2024:FR107,scenario:radius-conservative|method:baseline-topk,scenario:radius-conservative,method:baseline-topk,1,candidate:osm:node:25213823,dz:nuts2024:FR107,4,15,7.085,1434875,0.207938,Selected-site zone trace for audit and portfolio explanation only; not investment advice or a site feasibility claim.,tile_smoke_optimization_zone_trace_not_investment_grade
scenario:radius-conservative|method:baseline-topk|candidate:osm:node:25214653|dz:nuts2024:FR101,scenario:radius-conservative|method:baseline-topk,scenario:radius-conservative,method:baseline-topk,2,candidate:osm:node:25214653,dz:nuts2024:FR101,1,15,3.147,2065560,0.299335,Selected-site zone trace for audit and portfolio explanation only; not investment advice or a site feasibility claim.,tile_smoke_optimization_zone_trace_not_investment_grade
scenario:radius-conservative|method:baseline-topk|candidate:osm:node:25214653|dz:nuts2024:FR106,scenario:radius-conservative|method:baseline-topk,scenario:radius-conservative,method:baseline-topk,2,candidate:osm:node:25214653,dz:nuts2024:FR106,2,15,6.071,1731789,0.250966,Selected-site zone trace for audit and portfolio explanation only; not investment advice or a site feasibility claim.,tile_smoke_optimization_zone_trace_not_investment_grade
scenario:radius-conservative|method:baseline-topk|candidate:osm:node:25214653|dz:nuts2024:FR105,scenario:radius-conservative|method:baseline-topk,scenario:radius-conservative,method:baseline-topk,2,candidate:osm:node:25214653,dz:nuts2024:FR105,3,15,9.749,1668275,0.241762,Selected-site zone trace for audit and portfolio explanation only; not investment advice or a site feasibility claim.,tile_smoke_optimization_zone_trace_not_investment_grade
scenario:radius-conservative|method:baseline-topk|candidate:osm:node:25214653|dz:nuts2024:FR107,scenario:radius-conservative|method:baseline-topk,scenario:radius-conservative,method:baseline-topk,2,candidate:osm:node:25214653,dz:nuts2024:FR107,4,15,13.704,1434875,0.207938,Selected-site zone trace for audit and portfolio explanation only; not investment advice or a site feasibility claim.,tile_smoke_optimization_zone_trace_not_investment_grade
scenario:radius-conservative|method:baseline-topk|candidate:osm:node:309654919|dz:nuts2024:FR101,scenario:radius-conservative|method:baseline-topk,scenario:radius-conservative,method:baseline-topk,3,candidate:osm:node:309654919,dz:nuts2024:FR101,1,15,3.143,2065560,0.299335,Selected-site zone trace for audit and portfolio explanation only; not investment advice or a site feasibility claim.,tile_smoke_optimization_zone_trace_not_investment_grade
scenario:radius-conservative|method:baseline-topk|candidate:osm:node:309654919|dz:nuts2024:FR106,scenario:radius-conservative|method:baseline-topk,scenario:radius-conservative,method:baseline-topk,3,candidate:osm:node:309654919,dz:nuts2024:FR106,2,15,12.187,1731789,0.250966,Selected-site zone trace for audit and portfolio explanation only; not investment advice or a site feasibility claim.,tile_smoke_optimization_zone_trace_not_investment_grade
scenario:radius-conservative|method:baseline-topk|candidate:osm:node:309654919|dz:nuts2024:FR105,scenario:radius-conservative|method:baseline-topk,scenario:radius-conservative,method:baseline-topk,3,candidate:osm:node:309654919,dz:nuts2024:FR105,3,15,4.216,1668275,0.241762,Selected-site zone trace for audit and portfolio explanation only; not investment advice or a site feasibility claim.,tile_smoke_optimization_zone_trace_not_investment_grade
scenario:radius-conservative|method:baseline-topk|candidate:osm:node:309654919|dz:nuts2024:FR107,scenario:radius-conservative|method:baseline-topk,scenario:radius-conservative,method:baseline-topk,3,candidate:osm:node:309654919,dz:nuts2024:FR107,4,15,14.116,1434875,0.207938,Selected-site zone trace for audit and portfolio explanation only; not investment advice or a site feasibility claim.,tile_smoke_optimization_zone_trace_not_investment_grade
scenario:radius-conservative|method:baseline-topk|candidate:osm:node:471629646|dz:nuts2024:FR101,scenario:radius-conservative|method:baseline-topk,scenario:radius-conservative,method:baseline-topk,4,candidate:osm:node:471629646,dz:nuts2024:FR101,1,15,4.804,2065560,0.299335,Selected-site zone trace for audit and portfolio explanation only; not investment advice or a site feasibility claim.,tile_smoke_optimization_zone_trace_not_investment_grade
scenario:radius-conservative|method:baseline-topk|candidate:osm:node:471629646|dz:nuts2024:FR106,scenario:radius-conservative|method:baseline-topk,scenario:radius-conservative,method:baseline-topk,4,candidate:osm:node:471629646,dz:nuts2024:FR106,2,15,5.572,1731789,0.250966,Selected-site zone trace for audit and portfolio explanation only; not investment advice or a site feasibility claim.,tile_smoke_optimization_zone_trace_not_investment_grade
scenario:radius-conservative|method:baseline-topk|candidate:osm:node:471629646|dz:nuts2024:FR105,scenario:radius-conservative|method:baseline-topk,scenario:radius-conservative,method:baseline-topk,4,candidate:osm:node:471629646,dz:nuts2024:FR105,3,15,11.967,1668275,0.241762,Selected-site zone trace for audit and portfolio explanation only; not investment advice or a site feasibility claim.,tile_smoke_optimization_zone_trace_not_investment_grade
scenario:radius-conservative|method:baseline-topk|candidate:osm:node:471629646|dz:nuts2024:FR107,scenario:radius-conservative|method:baseline-topk,scenario:radius-conservative,method:baseline-topk,4,candidate:osm:node:471629646,dz:nuts2024:FR107,4,15,10.942,1434875,0.207938,Selected-site zone trace for audit and portfolio explanation only; not investment advice or a site feasibility claim.,tile_smoke_optimization_zone_trace_not_investment_grade
scenario:radius-conservative|method:baseline-topk|candidate:osm:node:625171506|dz:nuts2024:FR101,scenario:radius-conservative|method:baseline-topk,scenario:radius-conservative,method:baseline-topk,5,candidate:osm:node:625171506,dz:nuts2024:FR101,1,15,3.338,2065560,0.299335,Selected-site zone trace for audit and portfolio explanation only; not investment advice or a site feasibility claim.,tile_smoke_optimization_zone_trace_not_investment_grade
scenario:radius-conservative|method:baseline-topk|candidate:osm:node:625171506|dz:nuts2024:FR106,scenario:radius-conservative|method:baseline-topk,scenario:radius-conservative,method:baseline-topk,5,candidate:osm:node:625171506,dz:nuts2024:FR106,2,15,10.179,1731789,0.250966,Selected-site zone trace for audit and portfolio explanation only; not investment advice or a site feasibility claim.,tile_smoke_optimization_zone_trace_not_investment_grade
scenario:radius-conservative|method:baseline-topk|candidate:osm:node:625171506|dz:nuts2024:FR105,scenario:radius-conservative|method:baseline-topk,scenario:radius-conservative,method:baseline-topk,5,candidate:osm:node:625171506,dz:nuts2024:FR105,3,15,8.914,1668275,0.241762,Selected-site zone trace for audit and portfolio explanation only; not investment advice or a site feasibility claim.,tile_smoke_optimization_zone_trace_not_investment_grade
scenario:radius-conservative|method:baseline-topk|candidate:osm:node:625171506|dz:nuts2024:FR107,scenario:radius-conservative|method:baseline-topk,scenario:radius-conservative,method:baseline-topk,5,candidate:osm:node:625171506,dz:nuts2024:FR107,4,15,9.618,1434875,0.207938,Selected-site zone trace for audit and portfolio explanation only; not investment advice or a site feasibility claim.,tile_smoke_optimization_zone_trace_not_investment_grade
scenario:radius-conservative|method:baseline-topk|candidate:osm:node:648114671|dz:nuts2024:FR101,scenario:radius-conservative|method:baseline-topk,scenario:radius-conservative,method:baseline-topk,6,candidate:osm:node:648114671,dz:nuts2024:FR101,1,15,4.96,2065560,0.299335,Selected-site zone trace for audit and portfolio explanation only; not investment advice or a site feasibility claim.,tile_smoke_optimization_zone_trace_not_investment_grade
scenario:radius-conservative|method:baseline-topk|candidate:osm:node:648114671|dz:nuts2024:FR106,scenario:radius-conservative|method:baseline-topk,scenario:radius-conservative,method:baseline-topk,6,candidate:osm:node:648114671,dz:nuts2024:FR106,2,15,5.417,1731789,0.250966,Selected-site zone trace for audit and portfolio explanation only; not investment advice or a site feasibility claim.,tile_smoke_optimization_zone_trace_not_investment_grade
scenario:radius-conservative|method:baseline-topk|candidate:osm:node:648114671|dz:nuts2024:FR105,scenario:radius-conservative|method:baseline-topk,scenario:radius-conservative,method:baseline-topk,6,candidate:osm:node:648114671,dz:nuts2024:FR105,3,15,12.124,1668275,0.241762,Selected-site zone trace for audit and portfolio explanation only; not investment advice or a site feasibility claim.,tile_smoke_optimization_zone_trace_not_investment_grade
scenario:radius-conservative|method:baseline-topk|candidate:osm:node:648114671|dz:nuts2024:FR107,scenario:radius-conservative|method:baseline-topk,scenario:radius-conservative,method:baseline-topk,6,candidate:osm:node:648114671,dz:nuts2024:FR107,4,15,10.993,1434875,0.207938,Selected-site zone trace for audit and portfolio explanation only; not investment advice or a site feasibility claim.,tile_smoke_optimization_zone_trace_not_investment_grade
scenario:radius-conservative|method:baseline-topk|candidate:osm:node:259284911|dz:nuts2024:FR101,scenario:radius-conservative|method:baseline-topk,scenario:radius-conservative,method:baseline-topk,7,candidate:osm:node:259284911,dz:nuts2024:FR101,1,15,4.264,2065560,0.299335,Selected-site zone trace for audit and portfolio explanation only; not investment advice or a site feasibility claim.,tile_smoke_optimization_zone_trace_not_investment_grade
scenario:radius-conservative|method:baseline-topk|candidate:osm:node:259284911|dz:nuts2024:FR106,scenario:radius-conservative|method:baseline-topk,scenario:radius-conservative,method:baseline-topk,7,candidate:osm:node:259284911,dz:nuts2024:FR106,2,15,13.36,1731789,0.250966,Selected-site zone trace for audit and portfolio explanation only; not investment advice or a site feasibility claim.,tile_smoke_optimization_zone_trace_not_investment_grade
scenario:radius-conservative|method:baseline-topk|candidate:osm:node:259284911|dz:nuts2024:FR105,scenario:radius-conservative|method:baseline-topk,scenario:radius-conservative,method:baseline-topk,7,candidate:osm:node:259284911,dz:nuts2024:FR105,3,15,3.627,1668275,0.241762,Selected-site zone trace for audit and portfolio explanation only; not investment advice or a site feasibility claim.,tile_smoke_optimization_zone_trace_not_investment_grade
scenario:radius-conservative|method:baseline-topk|candidate:osm:node:259284911|dz:nuts2024:FR107,scenario:radius-conservative|method:baseline-topk,scenario:radius-conservative,method:baseline-topk,7,candidate:osm:node:259284911,dz:nuts2024:FR107,4,15,14.224,1434875,0.207938,Selected-site zone trace for audit and portfolio explanation only; not investment advice or a site feasibility claim.,tile_smoke_optimization_zone_trace_not_investment_grade
scenario:radius-conservative|method:baseline-topk|candidate:osm:node:262276013|dz:nuts2024:FR101,scenario:radius-conservative|method:baseline-topk,scenario:radius-conservative,method:baseline-topk,8,candidate:osm:node:262276013,dz:nuts2024:FR101,1,15,2.051,2065560,0.299335,Selected-site zone trace for audit and portfolio explanation only; not investment advice or a site feasibility claim.,tile_smoke_optimization_zone_trace_not_investment_grade
scenario:radius-conservative|method:baseline-topk|candidate:osm:node:262276013|dz:nuts2024:FR106,scenario:radius-conservative|method:baseline-topk,scenario:radius-conservative,method:baseline-topk,8,candidate:osm:node:262276013,dz:nuts2024:FR106,2,15,10.781,1731789,0.250966,Selected-site zone trace for audit and portfolio explanation only; not investment advice or a site feasibility claim.,tile_smoke_optimization_zone_trace_not_investment_grade
scenario:radius-conservative|method:baseline-topk|candidate:osm:node:262276013|dz:nuts2024:FR105,scenario:radius-conservative|method:baseline-topk,scenario:radius-conservative,method:baseline-topk,8,candidate:osm:node:262276013,dz:nuts2024:FR105,3,15,5.154,1668275,0.241762,Selected-site zone trace for audit and portfolio explanation only; not investment advice or a site feasibility claim.,tile_smoke_optimization_zone_trace_not_investment_grade
scenario:radius-conservative|method:baseline-topk|candidate:osm:node:262276013|dz:nuts2024:FR107,scenario:radius-conservative|method:baseline-topk,scenario:radius-conservative,method:baseline-topk,8,candidate:osm:node:262276013,dz:nuts2024:FR107,4,15,14.323,1434875,0.207938,Selected-site zone trace for audit and portfolio explanation only; not investment advice or a site feasibility claim.,tile_smoke_optimization_zone_trace_not_investment_grade
scenario:radius-conservative|method:baseline-topk|candidate:osm:node:307372951|dz:nuts2024:FR101,scenario:radius-conservative|method:baseline-topk,scenario:radius-conservative,method:baseline-topk,9,candidate:osm:node:307372951,dz:nuts2024:FR101,1,15,0.28,2065560,0.299335,Selected-site zone trace for audit and portfolio explanation only; not investment advice or a site feasibility claim.,tile_smoke_optimization_zone_trace_not_investment_grade
scenario:radius-conservative|method:baseline-topk|candidate:osm:node:307372951|dz:nuts2024:FR106,scenario:radius-conservative|method:baseline-topk,scenario:radius-conservative,method:baseline-topk,9,candidate:osm:node:307372951,dz:nuts2024:FR106,2,15,9.037,1731789,0.250966,Selected-site zone trace for audit and portfolio explanation only; not investment advice or a site feasibility claim.,tile_smoke_optimization_zone_trace_not_investment_grade
scenario:radius-conservative|method:baseline-topk|candidate:osm:node:307372951|dz:nuts2024:FR105,scenario:radius-conservative|method:baseline-topk,scenario:radius-conservative,method:baseline-topk,9,candidate:osm:node:307372951,dz:nuts2024:FR105,3,15,7.111,1668275,0.241762,Selected-site zone trace for audit and portfolio explanation only; not investment advice or a site feasibility claim.,tile_smoke_optimization_zone_trace_not_investment_grade
scenario:radius-conservative|method:baseline-topk|candidate:osm:node:307372951|dz:nuts2024:FR107,scenario:radius-conservative|method:baseline-topk,scenario:radius-conservative,method:baseline-topk,9,candidate:osm:node:307372951,dz:nuts2024:FR107,4,15,13.126,1434875,0.207938,Selected-site zone trace for audit and portfolio explanation only; not investment advice or a site feasibility claim.,tile_smoke_optimization_zone_trace_not_investment_grade
scenario:radius-conservative|method:baseline-topk|candidate:osm:node:605504117|dz:nuts2024:FR101,scenario:radius-conservative|method:baseline-topk,scenario:radius-conservative,method:baseline-topk,10,candidate:osm:node:605504117,dz:nuts2024:FR101,1,15,5.283,2065560,0.299335,Selected-site zone trace for audit and portfolio explanation only; not investment advice or a site feasibility claim.,tile_smoke_optimization_zone_trace_not_investment_grade
scenario:radius-conservative|method:baseline-topk|candidate:osm:node:605504117|dz:nuts2024:FR106,scenario:radius-conservative|method:baseline-topk,scenario:radius-conservative,method:baseline-topk,10,candidate:osm:node:605504117,dz:nuts2024:FR106,2,15,14.335,1731789,0.250966,Selected-site zone trace for audit and portfolio explanation only; not investment advice or a site feasibility claim.,tile_smoke_optimization_zone_trace_not_investment_grade
scenario:radius-conservative|method:baseline-topk|candidate:osm:node:605504117|dz:nuts2024:FR105,scenario:radius-conservative|method:baseline-topk,scenario:radius-conservative,method:baseline-topk,10,candidate:osm:node:605504117,dz:nuts2024:FR105,3,15,4.703,1668275,0.241762,Selected-site zone trace for audit and portfolio explanation only; not investment advice or a site feasibility claim.,tile_smoke_optimization_zone_trace_not_investment_grade
scenario:radius-conservative|method:baseline-topk|candidate:osm:node:605504117|dz:nuts2024:FR107,scenario:radius-conservative|method:baseline-topk,scenario:radius-conservative,method:baseline-topk,10,candidate:osm:node:605504117,dz:nuts2024:FR107,4,15,13.166,1434875,0.207938,Selected-site zone trace for audit and portfolio explanation only; not investment advice or a site feasibility claim.,tile_smoke_optimization_zone_trace_not_investment_grade
scenario:radius-conservative|method:mclp-pulp-cbc|candidate:osm:node:307372951|dz:nuts2024:FR101,scenario:radius-conservative|method:mclp-pulp-cbc,scenario:radius-conservative,method:mclp-pulp-cbc,1,candidate:osm:node:307372951,dz:nuts2024:FR101,1,15,0.28,2065560,0.299335,Selected-site zone trace for audit and portfolio explanation only; not investment advice or a site feasibility claim.,tile_smoke_optimization_zone_trace_not_investment_grade
scenario:radius-conservative|method:mclp-pulp-cbc|candidate:osm:node:307372951|dz:nuts2024:FR106,scenario:radius-conservative|method:mclp-pulp-cbc,scenario:radius-conservative,method:mclp-pulp-cbc,1,candidate:osm:node:307372951,dz:nuts2024:FR106,2,15,9.037,1731789,0.250966,Selected-site zone trace for audit and portfolio explanation only; not investment advice or a site feasibility claim.,tile_smoke_optimization_zone_trace_not_investment_grade
scenario:radius-conservative|method:mclp-pulp-cbc|candidate:osm:node:307372951|dz:nuts2024:FR105,scenario:radius-conservative|method:mclp-pulp-cbc,scenario:radius-conservative,method:mclp-pulp-cbc,1,candidate:osm:node:307372951,dz:nuts2024:FR105,3,15,7.111,1668275,0.241762,Selected-site zone trace for audit and portfolio explanation only; not investment advice or a site feasibility claim.,tile_smoke_optimization_zone_trace_not_investment_grade
scenario:radius-conservative|method:mclp-pulp-cbc|candidate:osm:node:307372951|dz:nuts2024:FR107,scenario:radius-conservative|method:mclp-pulp-cbc,scenario:radius-conservative,method:mclp-pulp-cbc,1,candidate:osm:node:307372951,dz:nuts2024:FR107,4,15,13.126,1434875,0.207938,Selected-site zone trace for audit and portfolio explanation only; not investment advice or a site feasibility claim.,tile_smoke_optimization_zone_trace_not_investment_grade
scenario:radius-conservative|method:mclp-pulp-cbc|candidate:osm:node:17983325|dz:nuts2024:DE212,scenario:radius-conservative|method:mclp-pulp-cbc,scenario:radius-conservative,method:mclp-pulp-cbc,2,candidate:osm:node:17983325,dz:nuts2024:DE212,1,15,14.387,1505005,0.751141,Selected-site zone trace for audit and portfolio explanation only; not investment advice or a site feasibility claim.,tile_smoke_optimization_zone_trace_not_investment_grade
scenario:radius-conservative|method:mclp-pulp-cbc|candidate:osm:node:17983325|dz:nuts2024:DE21H,scenario:radius-conservative|method:mclp-pulp-cbc,scenario:radius-conservative,method:mclp-pulp-cbc,2,candidate:osm:node:17983325,dz:nuts2024:DE21H,2,15,7.861,354396,0.176877,Selected-site zone trace for audit and portfolio explanation only; not investment advice or a site feasibility claim.,tile_smoke_optimization_zone_trace_not_investment_grade
scenario:radius-conservative|method:mclp-pulp-cbc|candidate:osm:node:17983325|dz:nuts2024:DE218,scenario:radius-conservative|method:mclp-pulp-cbc,scenario:radius-conservative,method:mclp-pulp-cbc,2,candidate:osm:node:17983325,dz:nuts2024:DE218,3,15,14.978,144225,0.071982,Selected-site zone trace for audit and portfolio explanation only; not investment advice or a site feasibility claim.,tile_smoke_optimization_zone_trace_not_investment_grade
scenario:radius-conservative|method:mclp-pulp-cbc|candidate:osm:node:303553919|dz:nuts2024:BE100,scenario:radius-conservative|method:mclp-pulp-cbc,scenario:radius-conservative,method:mclp-pulp-cbc,3,candidate:osm:node:303553919,dz:nuts2024:BE100,1,15,6.217,1271709,0.653337,Selected-site zone trace for audit and portfolio explanation only; not investment advice or a site feasibility claim.,tile_smoke_optimization_zone_trace_not_investment_grade
scenario:radius-conservative|method:mclp-pulp-cbc|candidate:osm:node:303553919|dz:nuts2024:BE241,scenario:radius-conservative|method:mclp-pulp-cbc,scenario:radius-conservative,method:mclp-pulp-cbc,3,candidate:osm:node:303553919,dz:nuts2024:BE241,2,15,14.359,674772,0.346663,Selected-site zone trace for audit and portfolio explanation only; not investment advice or a site feasibility claim.,tile_smoke_optimization_zone_trace_not_investment_grade
scenario:radius-conservative|method:mclp-pulp-cbc|candidate:osm:node:134571762|dz:nuts2024:DE111,scenario:radius-conservative|method:mclp-pulp-cbc,scenario:radius-conservative,method:mclp-pulp-cbc,4,candidate:osm:node:134571762,dz:nuts2024:DE111,1,15,12.797,612663,0.397007,Selected-site zone trace for audit and portfolio explanation only; not investment advice or a site feasibility claim.,tile_smoke_optimization_zone_trace_not_investment_grade
scenario:radius-conservative|method:mclp-pulp-cbc|candidate:osm:node:134571762|dz:nuts2024:DE115,scenario:radius-conservative|method:mclp-pulp-cbc,scenario:radius-conservative,method:mclp-pulp-cbc,4,candidate:osm:node:134571762,dz:nuts2024:DE115,2,15,14.869,535374,0.346924,Selected-site zone trace for audit and portfolio explanation only; not investment advice or a site feasibility claim.,tile_smoke_optimization_zone_trace_not_investment_grade
scenario:radius-conservative|method:mclp-pulp-cbc|candidate:osm:node:134571762|dz:nuts2024:DE112,scenario:radius-conservative|method:mclp-pulp-cbc,scenario:radius-conservative,method:mclp-pulp-cbc,4,candidate:osm:node:134571762,dz:nuts2024:DE112,3,15,11.42,395167,0.256069,Selected-site zone trace for audit and portfolio explanation only; not investment advice or a site feasibility claim.,tile_smoke_optimization_zone_trace_not_investment_grade
scenario:radius-conservative|method:mclp-pulp-cbc|candidate:osm:node:253665120|dz:nuts2024:BE211,scenario:radius-conservative|method:mclp-pulp-cbc,scenario:radius-conservative,method:mclp-pulp-cbc,5,candidate:osm:node:253665120,dz:nuts2024:BE211,1,15,13.452,1101687,0.752433,Selected-site zone trace for audit and portfolio explanation only; not investment advice or a site feasibility claim.,tile_smoke_optimization_zone_trace_not_investment_grade
scenario:radius-conservative|method:mclp-pulp-cbc|candidate:osm:node:253665120|dz:nuts2024:BE212,scenario:radius-conservative|method:mclp-pulp-cbc,scenario:radius-conservative,method:mclp-pulp-cbc,5,candidate:osm:node:253665120,dz:nuts2024:BE212,2,15,8.074,362480,0.247567,Selected-site zone trace for audit and portfolio explanation only; not investment advice or a site feasibility claim.,tile_smoke_optimization_zone_trace_not_investment_grade
scenario:radius-conservative|method:mclp-pulp-cbc|candidate:osm:node:290633726|dz:nuts2024:DE128,scenario:radius-conservative|method:mclp-pulp-cbc,scenario:radius-conservative,method:mclp-pulp-cbc,6,candidate:osm:node:290633726,dz:nuts2024:DE128,1,15,10.894,558561,0.541057,Selected-site zone trace for audit and portfolio explanation only; not investment advice or a site feasibility claim.,tile_smoke_optimization_zone_trace_not_investment_grade
scenario:radius-conservative|method:mclp-pulp-cbc|candidate:osm:node:290633726|dz:nuts2024:DE126,scenario:radius-conservative|method:mclp-pulp-cbc,scenario:radius-conservative,method:mclp-pulp-cbc,6,candidate:osm:node:290633726,dz:nuts2024:DE126,2,15,13.413,318035,0.308068,Selected-site zone trace for audit and portfolio explanation only; not investment advice or a site feasibility claim.,tile_smoke_optimization_zone_trace_not_investment_grade
scenario:radius-conservative|method:mclp-pulp-cbc|candidate:osm:node:290633726|dz:nuts2024:DE125,scenario:radius-conservative|method:mclp-pulp-cbc,scenario:radius-conservative,method:mclp-pulp-cbc,6,candidate:osm:node:290633726,dz:nuts2024:DE125,3,15,5.534,155756,0.150875,Selected-site zone trace for audit and portfolio explanation only; not investment advice or a site feasibility claim.,tile_smoke_optimization_zone_trace_not_investment_grade
scenario:radius-conservative|method:mclp-pulp-cbc|candidate:osm:node:457067417|dz:nuts2024:BE332,scenario:radius-conservative|method:mclp-pulp-cbc,scenario:radius-conservative,method:mclp-pulp-cbc,7,candidate:osm:node:457067417,dz:nuts2024:BE332,1,15,14.857,637220,0.748807,Selected-site zone trace for audit and portfolio explanation only; not investment advice or a site feasibility claim.,tile_smoke_optimization_zone_trace_not_investment_grade
scenario:radius-conservative|method:mclp-pulp-cbc|candidate:osm:node:457067417|dz:nuts2024:BE335,scenario:radius-conservative|method:mclp-pulp-cbc,scenario:radius-conservative,method:mclp-pulp-cbc,7,candidate:osm:node:457067417,dz:nuts2024:BE335,2,15,11.194,213760,0.251193,Selected-site zone trace for audit and portfolio explanation only; not investment advice or a site feasibility claim.,tile_smoke_optimization_zone_trace_not_investment_grade
scenario:radius-conservative|method:mclp-pulp-cbc|candidate:osm:node:26085208|dz:nuts2024:DE123,scenario:radius-conservative|method:mclp-pulp-cbc,scenario:radius-conservative,method:mclp-pulp-cbc,8,candidate:osm:node:26085208,dz:nuts2024:DE123,1,15,13.569,456264,0.508827,Selected-site zone trace for audit and portfolio explanation only; not investment advice or a site feasibility claim.,tile_smoke_optimization_zone_trace_not_investment_grade
scenario:radius-conservative|method:mclp-pulp-cbc|candidate:osm:node:26085208|dz:nuts2024:DE122,scenario:radius-conservative|method:mclp-pulp-cbc,scenario:radius-conservative,method:mclp-pulp-cbc,8,candidate:osm:node:26085208,dz:nuts2024:DE122,2,15,3.422,309050,0.344654,Selected-site zone trace for audit and portfolio explanation only; not investment advice or a site feasibility claim.,tile_smoke_optimization_zone_trace_not_investment_grade
scenario:radius-conservative|method:mclp-pulp-cbc|candidate:osm:node:26085208|dz:nuts2024:DEB3E,scenario:radius-conservative|method:mclp-pulp-cbc,scenario:radius-conservative,method:mclp-pulp-cbc,8,candidate:osm:node:26085208,dz:nuts2024:DEB3E,3,15,13.327,131383,0.146519,Selected-site zone trace for audit and portfolio explanation only; not investment advice or a site feasibility claim.,tile_smoke_optimization_zone_trace_not_investment_grade
scenario:radius-conservative|method:mclp-pulp-cbc|candidate:osm:node:417304088|dz:nuts2024:DE113,scenario:radius-conservative|method:mclp-pulp-cbc,scenario:radius-conservative,method:mclp-pulp-cbc,9,candidate:osm:node:417304088,dz:nuts2024:DE113,1,15,13.989,536601,0.646442,Selected-site zone trace for audit and portfolio explanation only; not investment advice or a site feasibility claim.,tile_smoke_optimization_zone_trace_not_investment_grade
scenario:radius-conservative|method:mclp-pulp-cbc|candidate:osm:node:417304088|dz:nuts2024:DE141,scenario:radius-conservative|method:mclp-pulp-cbc,scenario:radius-conservative,method:mclp-pulp-cbc,9,candidate:osm:node:417304088,dz:nuts2024:DE141,2,15,12.938,293483,0.353558,Selected-site zone trace for audit and portfolio explanation only; not investment advice or a site feasibility claim.,tile_smoke_optimization_zone_trace_not_investment_grade
scenario:radius-conservative|method:mclp-pulp-cbc|candidate:osm:node:321618095|dz:nuts2024:BE310,scenario:radius-conservative|method:mclp-pulp-cbc,scenario:radius-conservative,method:mclp-pulp-cbc,10,candidate:osm:node:321618095,dz:nuts2024:BE310,1,15,13.644,416504,0.508025,Selected-site zone trace for audit and portfolio explanation only; not investment advice or a site feasibility claim.,tile_smoke_optimization_zone_trace_not_investment_grade
scenario:radius-conservative|method:mclp-pulp-cbc|candidate:osm:node:321618095|dz:nuts2024:BE32B,scenario:radius-conservative|method:mclp-pulp-cbc,scenario:radius-conservative,method:mclp-pulp-cbc,10,candidate:osm:node:321618095,dz:nuts2024:BE32B,2,15,14.29,403346,0.491975,Selected-site zone trace for audit and portfolio explanation only; not investment advice or a site feasibility claim.,tile_smoke_optimization_zone_trace_not_investment_grade
scenario:radius-conservative|method:mclp-shortlist-exact|candidate:osm:node:25213823|dz:nuts2024:FR101,scenario:radius-conservative|method:mclp-shortlist-exact,scenario:radius-conservative,method:mclp-shortlist-exact,1,candidate:osm:node:25213823,dz:nuts2024:FR101,1,15,6.017,2065560,0.299335,Selected-site zone trace for audit and portfolio explanation only; not investment advice or a site feasibility claim.,tile_smoke_optimization_zone_trace_not_investment_grade
scenario:radius-conservative|method:mclp-shortlist-exact|candidate:osm:node:25213823|dz:nuts2024:FR106,scenario:radius-conservative|method:mclp-shortlist-exact,scenario:radius-conservative,method:mclp-shortlist-exact,1,candidate:osm:node:25213823,dz:nuts2024:FR106,2,15,9.552,1731789,0.250966,Selected-site zone trace for audit and portfolio explanation only; not investment advice or a site feasibility claim.,tile_smoke_optimization_zone_trace_not_investment_grade
scenario:radius-conservative|method:mclp-shortlist-exact|candidate:osm:node:25213823|dz:nuts2024:FR105,scenario:radius-conservative|method:mclp-shortlist-exact,scenario:radius-conservative,method:mclp-shortlist-exact,1,candidate:osm:node:25213823,dz:nuts2024:FR105,3,15,12.163,1668275,0.241762,Selected-site zone trace for audit and portfolio explanation only; not investment advice or a site feasibility claim.,tile_smoke_optimization_zone_trace_not_investment_grade
scenario:radius-conservative|method:mclp-shortlist-exact|candidate:osm:node:25213823|dz:nuts2024:FR107,scenario:radius-conservative|method:mclp-shortlist-exact,scenario:radius-conservative,method:mclp-shortlist-exact,1,candidate:osm:node:25213823,dz:nuts2024:FR107,4,15,7.085,1434875,0.207938,Selected-site zone trace for audit and portfolio explanation only; not investment advice or a site feasibility claim.,tile_smoke_optimization_zone_trace_not_investment_grade
scenario:radius-conservative|method:min-cost-coverage-pulp|candidate:osm:node:471629646|dz:nuts2024:FR101,scenario:radius-conservative|method:min-cost-coverage-pulp,scenario:radius-conservative,method:min-cost-coverage-pulp,1,candidate:osm:node:471629646,dz:nuts2024:FR101,1,15,4.804,2065560,0.299335,Selected-site zone trace for audit and portfolio explanation only; not investment advice or a site feasibility claim.,tile_smoke_optimization_zone_trace_not_investment_grade
scenario:radius-conservative|method:min-cost-coverage-pulp|candidate:osm:node:471629646|dz:nuts2024:FR106,scenario:radius-conservative|method:min-cost-coverage-pulp,scenario:radius-conservative,method:min-cost-coverage-pulp,1,candidate:osm:node:471629646,dz:nuts2024:FR106,2,15,5.572,1731789,0.250966,Selected-site zone trace for audit and portfolio explanation only; not investment advice or a site feasibility claim.,tile_smoke_optimization_zone_trace_not_investment_grade
scenario:radius-conservative|method:min-cost-coverage-pulp|candidate:osm:node:471629646|dz:nuts2024:FR105,scenario:radius-conservative|method:min-cost-coverage-pulp,scenario:radius-conservative,method:min-cost-coverage-pulp,1,candidate:osm:node:471629646,dz:nuts2024:FR105,3,15,11.967,1668275,0.241762,Selected-site zone trace for audit and portfolio explanation only; not investment advice or a site feasibility claim.,tile_smoke_optimization_zone_trace_not_investment_grade
scenario:radius-conservative|method:min-cost-coverage-pulp|candidate:osm:node:471629646|dz:nuts2024:FR107,scenario:radius-conservative|method:min-cost-coverage-pulp,scenario:radius-conservative,method:min-cost-coverage-pulp,1,candidate:osm:node:471629646,dz:nuts2024:FR107,4,15,10.942,1434875,0.207938,Selected-site zone trace for audit and portfolio explanation only; not investment advice or a site feasibility claim.,tile_smoke_optimization_zone_trace_not_investment_grade
